name,website,category,country,founded,linkedin_employees,ships_international,hires_remotely,hiring_manager_on_linkedin,recent_job_postings,careers_page,social_media,revenue_last_fy,legitimacy_notes,meets_strict_criteria,data_confidence
Joonbyrd,https://joonbyrd.com,Beauty,UK,2024 (co. 2022),8,Partial,Unknown,Yes,Email enquire byrdhouse@joonbyrd.com,None found,IG @joonbyrd; LI company/joonbyrd,Not disclosed,CH 13863516 Active,Yes,high
HUE (Made for Hue),https://madeforhue.com,Beauty,UK,2023 (co. 2020),5,Yes,Unknown,Yes,Production Manager; Creative Producer,None found,IG @madeforhue; LI company/madeforhue,Not disclosed; ~$603k raised,CH 12999313 HEREUEXIST LTD Active,Partial,high
saint sass,https://saintsass.com,Clothing,Germany,2021,15,Yes,No,Yes,Junior Social Media Manager; Ecom Ops internship,https://join.com/companies/saintsass,IG @saintsass,Projected ~$10M (2025 press),Berlin DTC; $4.9M seed reported,Yes,high
FLORE FLORE,https://flore-flore.com,Clothing,Netherlands,2021,7,Yes,No,Yes,Production & Development Manager; internships,https://flore-flore.com/pages/careers,IG @floreflore; LI company/floreflore,Not disclosed,Stocked SSENSE / Galeries Lafayette,Yes,high
Rhea.,https://rheastore.co,Clothing,Netherlands,2024,5,Partial,Unknown,Yes,None found,None found,IG @rheastore.official; LI company/rheastore,Not disclosed,NL warehouse; ships most intl except UK/US/Asia/AU,Yes,high
Tortue UK,https://tortue.uk,Clothing,UK,2022,10,No,Unknown,Yes,None found,None found,IG @tortue.uk; LI company/tortue-uk,Not disclosed,CH 14226750 Active; UK distributor Captain Tortue,Yes,high
Florere,https://florere.com,Clothing,UK,2022-2023 (co. 2024),1-10,No,Unknown,Yes,None found,None found,IG @florere; LI company/florere-the-brand,Est. $1M-$10M (3rd party unverified),CH 15712638 Active; John Lewis stockist,Partial,high
House of Kind,https://houseofkind.london,Clothing,UK,2024,3,Yes,Unknown,Yes,Open to growth hires via founder DM,None found,IG/FB/TikTok/X houseofkind.london,Not disclosed,CH 15420103 Active,No,high
Weartwo,https://weartwo.co.uk,Clothing,UK,2022,Under 10,Unknown,Unknown,Yes,None found,None found,IG @weartwo_london,Not disclosed,CH 14207765 Active,Partial,high
RELR,https://relr.co.uk,Clothing,UK,2021,3,Yes,Unknown,Yes,None found,None found,LI company/elr-style,>£1.3m gross first 18 months (founder claim),CH 13296537 Active,No,high
Ro&Zo,https://roandzo.com,Clothing,UK,2020,20-31,Yes,Unknown,Yes,Unknown,Unknown,LI company/ro-zo,£7.6m turnover reported,CH 12929859 Active,No,high
Made by Mitchell,https://madebymitchell.co.uk,Beauty,UK,2020,7,Yes,Unknown,Yes,careers@madebymitchell.co.uk,Email careers,LI company/made-by-mitchell,Not disclosed; TikTok Shop viral,CH 12270082 Active (528 International T/A MBM); Liverpool; founder Mitchell Halliday,No,high
Unfabled,https://unfabled.co,Beauty,UK,2021,1-10,Unknown,No (hybrid London),Yes,Growth Manager (hybrid Paddington),Unknown,IG/TikTok Unfabled,Not disclosed; $3.7M funding reported,CH 13148686 Active,Partial,high
Aligne,https://aligne.co,Clothing,UK,2020,17,Yes,Unknown,Yes,Unknown,Unknown,IG @aligne,Unknown,Well-known UK DTC; viral Daphne blazer; East London female-led womenswear; founder Dalbir Bains (press),Partial,medium
Damson Madder,https://damsonmadder.com,Clothing,UK,2020,50-60,Yes,Unknown,Yes,Unknown,Unknown,IG @damsonmadder,GBP 19m (2024) / on track GBP 31m FY2025 (Vogue Business),Sustainable UK indie; major press coverage; Active; Selfridges permanent space; wholesale END./Nordstrom/Revolve,Partial,medium
Peachy Den,https://peachyden.com,Clothing,UK,2019,17,Yes,Unknown,Yes,Careers mentioned on LinkedIn company page,Unknown,IG @peachyden,Seven-figure profits reported (press),Forbes 30 Under 30 founder Isabella Weatherby; Active London DTC; founder Isabella Weatherby on LinkedIn/Forbes,Partial,medium
Farai London,https://farailondon.com,Clothing,UK,2020,1-10,Yes,Unknown,Yes,Unknown,Unknown,IG @farailondon,Unknown,Revolve/ASOS/Selfridges stockist (founder LI),Yes,medium
Kitri,https://kitri.com,Clothing,UK,2017,Unknown,Yes,Unknown,Unknown,Unknown,Unknown,IG @kitristudio,Unknown,Established UK indie womenswear,No,medium
Rixo,https://rixo.co.uk,Clothing,UK,2015,Unknown,Yes,Unknown,Unknown,Unknown,Unknown,IG @rixo,Unknown,UK vintage-inspired dresses; LCF founders; Founders Orlagh & Henrietta; LCF origins,No,medium
Nobody's Child,https://nobodyschild.com,Clothing,UK,2015,Unknown,Yes,Unknown,Unknown,Unknown,Unknown,IG @nobodyschild,Unknown,Sustainable accessible UK fashion; London sustainable accessible womenswear; stores,No,medium
It's 9pm,https://its9pm.com,Clothing,UK,Unknown,Unknown,Unknown,Unknown,Unknown,Unknown,Unknown,IG @its9pm,Unknown,UK contemporary loungewear (C&TH list),Unknown,medium
STPLE,https://stple.com,Clothing,UK,2024-2025,Unknown,Unknown,Unknown,Unknown,Unknown,Unknown,Unknown,Unknown,Luxury RTW by Hannah Dawson (C&TH),Partial,medium
AKYN,https://akyn.com,Clothing,UK,2024-2025,Unknown,Unknown,Unknown,Yes,Unknown,Unknown,Unknown,Unknown,Amy Powney regenerative womenswear,Partial,medium
Cinta The Label,https://cintathelabel.com,Clothing,UK,Unknown,Unknown,Unknown,Unknown,Unknown,Unknown,Unknown,IG @cintathelabel,Unknown,UK knitwear; Amy Sturgis,Unknown,medium
Queens of Archive,https://queensofarchive.com,Clothing,UK,Unknown,Unknown,Unknown,Unknown,Unknown,Unknown,Unknown,IG @queensofarchive,Unknown,UK vintage-inspired; Nicola Orme,Unknown,medium
Fruity Booty,https://fruitybooty.com,Clothing,UK,2017,Unknown,Yes,Unknown,Unknown,Unknown,Unknown,IG @fruitybooty,Unknown,UK emerging brand (WWW); Founder Hattie Tennant; lingerie/swim/RTW; deadstock fabrics,No,medium
Glassworks London,https://glassworkslondon.com,Clothing,UK,Unknown,Unknown,Unknown,Unknown,Unknown,Unknown,Unknown,Unknown,Unknown,UK indie (WWW Gen Z list),Unknown,low
With Nothing Underneath,https://withnothingunderneath.com,Clothing,UK,2015,Unknown,Yes,Unknown,Unknown,Unknown,Unknown,IG @withnothingunderneath,Unknown,UK shirt specialist; British shirt specialist; ELLE UK recommended,No,medium
&Daughter,https://and-daughter.com,Clothing,UK,Unknown,Unknown,Yes,Unknown,Unknown,Unknown,Unknown,Instagram @anddaughter,Unknown,UK knitwear (ELLE Brit brands); Scottish/Irish yarn makers; British family knitwear,No,medium
Rat & Boa,https://ratandboa.com,Clothing,UK,2015,Unknown,Yes,Unknown,Unknown,Unknown,Unknown,IG @ratandboa,Unknown,UK partywear indie; British mid-level indie womenswear (ELLE),No,medium
Deidei,https://deidei.co,Clothing,UK,Unknown,Unknown,Unknown,Unknown,Unknown,Unknown,Unknown,Unknown,Unknown,WWW female-founded list,Unknown,low
Kai Collective,https://kaicollective.com,Clothing,UK,Unknown,Unknown,Unknown,Unknown,Unknown,Unknown,Unknown,Unknown,Unknown,WWW female-founded list,Unknown,low
Mary Benson,https://marybenson.com,Clothing,UK,Unknown,Unknown,Unknown,Unknown,Unknown,Unknown,Unknown,Unknown,Unknown,WWW female-founded list,Unknown,low
Laura Pitharas,https://laurapitharas.com,Clothing,UK,Unknown,Unknown,Unknown,Unknown,Unknown,Unknown,Unknown,Unknown,Unknown,WWW female-founded list,Unknown,low
Lisou,https://lisou.co.uk,Clothing,UK,Unknown,Unknown,Unknown,Unknown,Unknown,Unknown,Unknown,Unknown,Unknown,WWW female-founded list,Unknown,medium
Loveness Lee,https://lovenesslee.com,Clothing,UK,Unknown,Unknown,Unknown,Unknown,Unknown,Unknown,Unknown,Unknown,Unknown,WWW female-founded list,Unknown,low
Hai,https://hai.com,Clothing,UK,Unknown,Unknown,Unknown,Unknown,Unknown,Unknown,Unknown,Unknown,Unknown,WWW female-founded list (verify domain),Unknown,low
Pond London,https://pond.london,Clothing,UK,Unknown,Unknown,Unknown,Unknown,Unknown,Unknown,Unknown,Unknown,Unknown,WWW female-founded list,Unknown,low
Casablanca / Caspar the Label,https://casparthelabel.com,Clothing,UK,Unknown,Unknown,Unknown,Unknown,Unknown,Unknown,Unknown,Unknown,Unknown,Emerging London (WWW 2026) — verify site,Unknown,low
Cou Cou Intimates,https://coucouintimates.com,Clothing,UK,2021,19,Yes,Unknown,Yes,Unknown,Unknown,LinkedIn cou-cou-intimates; Instagram @coucouintimates,Unknown,UK intimates emerging; Founder Rose Colcord; organic cotton intimates; London-based,Yes,medium
Debute,https://debute.co.uk,Clothing,UK,2024,6,Unknown,Unknown,Yes,Unknown,Unknown,LinkedIn debute,Unknown,ELLE Brit brands; LinkedIn lists Jazola Limited; founders Lola Bute & Jazzy De Lisser; London HQ,Yes,low
Tolu Coker,https://tolucoker.com,Clothing,UK,2018,Unknown,Unknown,Unknown,Unknown,Unknown,Unknown,IG @tolucoker,Unknown,CSM graduate label; CSM graduate eponymous label; deadstock/upcycled; London-made,No,medium
WMNSWEAR,https://wmnswear.com,Clothing,UK,Unknown,Unknown,Unknown,Unknown,Unknown,Unknown,Unknown,Unknown,Unknown,London trend-led brand,Unknown,low
ME+EM,https://meandem.com,Clothing,UK,2008,Unknown,Yes,Unknown,Unknown,Unknown,Unknown,IG @meandem,Large scale (mature),Major UK DTC — older than 5yrs,No,medium
TALA,https://wearetala.com,Clothing,UK,2019,Unknown,Yes,Unknown,Unknown,Unknown,Unknown,IG @wearetala,Significant funding/scale,Sustainable activewear,Partial,medium
Rotterdam Fashion (Daily Paper),https://dailypaperclothing.com,Clothing,Netherlands,2016,Unknown,Yes,Unknown,Unknown,Unknown,Unknown,IG @dailypaper,Unknown,NL streetwear (incl. women),No,medium
Laagam,https://laagam.com,Clothing,Spain,2016,Unknown,Yes,Unknown,Unknown,Unknown,Unknown,IG @laagam,Unknown,Barcelona on-demand womenswear,No,medium
Laganini Studio,https://laganinistudio.com,Clothing,Spain,Unknown,Unknown,Unknown,Unknown,Unknown,Unknown,Unknown,Unknown,Unknown,Spanish slow fashion,Unknown,low
Rouje,https://rouje.com,Clothing,France,2016,Unknown,Yes,Unknown,Unknown,Unknown,Unknown,IG @rouje,Unknown,Jeanne Damas DTC,No,medium
Sézane,https://sezane.com,Clothing,France,2013,Unknown,Yes,Unknown,Unknown,Unknown,Unknown,IG @sezane,Large mature brand,French DTC pioneer,No,medium
Musier Paris,https://musier.com,Clothing,France,Unknown,Unknown,Unknown,Unknown,Unknown,Unknown,Unknown,IG @musierparis,Unknown,French influencer-led,Unknown,medium
Alfie Paris,https://alfieparis.com,Clothing,France,Unknown,Unknown,Unknown,Unknown,Unknown,Unknown,Unknown,Unknown,Unknown,RUSSH French it-girl list,Unknown,low
JAN N JUNE,https://jannjune.com,Clothing,Germany,2014,Unknown,Yes,Unknown,Unknown,Unknown,Unknown,IG @jannjune,Unknown,Hamburg fair fashion,No,medium
Armedangels,https://armedangels.com,Clothing,Germany,2007,Unknown,Yes,Unknown,Unknown,Unknown,Unknown,IG @armedangels,Mature brand,German sustainable fashion,No,medium
LANIUS,https://lanius.com,Clothing,Germany,1999,Unknown,Yes,Unknown,Unknown,Unknown,Unknown,Unknown,Unknown,German sustainable (older),No,medium
IVY OAK,https://ivyoak.com,Clothing,Germany,2015,Unknown,Yes,Unknown,Unknown,Unknown,Unknown,IG @ivyoak,Unknown,German luxury casual DTC,No,medium
Nina Rein,https://ninarein.com,Clothing,Germany,Unknown,Unknown,Unknown,Unknown,Unknown,Unknown,Unknown,Unknown,Unknown,Good On You Germany list,Unknown,low
Dawn Denim,https://dawndenim.com,Clothing,Germany,Unknown,Unknown,Unknown,Unknown,Unknown,Unknown,Unknown,Unknown,Unknown,German sustainable denim,Unknown,low
Orbasics,https://orbasics.com,Clothing,Germany,Unknown,Unknown,Unknown,Unknown,Unknown,Unknown,Unknown,Unknown,Unknown,German basics,Unknown,low
Anekdot,https://anekdot.com,Clothing,Germany,Unknown,Unknown,Unknown,Unknown,Unknown,Unknown,Unknown,Unknown,Unknown,German sustainable,Unknown,low
Fanny Fit,https://fannyfit.com,Clothing,Netherlands,2023,2,Unknown,Unknown,Yes,None found,None found,LI company/fanny-fit,Not disclosed,Rotterdam underwear startup,No,high
AVENIR Berlin,https://avenir-berlin.com,Clothing,Germany,2020,1-10,Unknown,Unknown,Yes,Unknown,Unknown,LI company/avenir-berlin,Unknown,Circular upcycling fashion Berlin,Partial,medium
Bikini Bible,https://bikini-bible.com,Clothing,UK,2021,2,Yes,Unknown,Yes,None found,None found,LI company/bikini-bible,Not disclosed,Sustainable swimwear London,No,high
Sann Beauty,https://sannbeauty.com,Beauty,UK,2022,1,Unknown,Unknown,Yes,None found,None found,LI company/sann-beauty,Not disclosed,Solid Lip Serum brand,No,high
Star Seed,https://starseednatural.com,Beauty,UK,2022,2,Unknown,Unknown,Yes,None found,None found,LI company/starseednatural,Not disclosed,Waterless skincare London; Independent British beauty (C&TH list); verify domain,No,high
Twentytwo Skincare,https://22skincare.com,Beauty,UK,2024,2,Unknown,Unknown,Yes,None found,None found,LI company/twentytwo-skincare,Not disclosed,Certified natural UK skincare,No,high
Dr Somji Pro-Active Skincare,https://drsomjiskincare.com,Beauty,UK,2023,2,Unknown,Unknown,Yes,None found,None found,LI company/dr-somji-pro-active-skincare,Not disclosed,Medical-grade UK skincare,No,high
indu Beauty,https://weareindu.com,Beauty,UK,2021,23,Unknown,Unknown,Unknown,Unknown,Unknown,IG/TikTok/FB indu,Unknown,Teen skincare UK; team may exceed 20,No,medium
Naturally Tiwa Skincare,https://naturallytiwaskincare.com,Beauty,UK,Unknown,5,Unknown,Unknown,Yes,Unknown,Unknown,LI company/naturally-tiwa,Unknown,B Corp; Milton Keynes,Partial,medium
This is Beauty,https://thisisbeauty.com,Beauty,UK,2020,6,Yes,Unknown,Unknown,Unknown,Unknown,LI company/thisisbeauty,Unknown,Imperfect beauty retailer Oxford,No,medium
Byoma,https://byoma.com,Beauty,UK,2022,Unknown,Yes,Unknown,Yes,Unknown,Unknown,IG/TikTok @byoma,High growth (viral UK),Glasgow barrier skincare; Boots; Founder Marc Elrick; Glasgow; barrier skincare; Boots stocked,Partial,medium
REFY Beauty,https://refybeauty.com,Beauty,UK,2020,106,Yes,Unknown,Yes,Hiring Creative and Digital roles mentioned publicly,Unknown,IG @refybeauty,~£40.4m (Fast Track reported),Manchester makeup; Fast Track ~£40.4m sales reported; Founders Jess Hunt & Jenna Meek; Manchester; Sephora/Selfridges,Partial,medium
Hair Syrup,https://hairsyrup.com,Beauty,UK,2020,Unknown,Unknown,Unknown,Unknown,Unknown,Unknown,TikTok Hair Syrup,On track GBP 6.5m (2024/25 press),Welsh haircare viral; Founder Lucie Macleod; Pembrokeshire; Dragons Den; Boots Oct 2024,No,medium
UpCircle,https://upcirclebeauty.com,Beauty,UK,2015,Unknown,Yes,Unknown,Yes,Unknown,Unknown,IG @upcirclebeauty,Unknown,B Corp upcycled beauty; Founders Anna & Will Brightman; B Corp; Dragons Den; London,No,medium
SBTRCT,https://sbtrct.co.uk,Beauty,UK,Unknown,Unknown,Unknown,Unknown,Unknown,Unknown,Unknown,Unknown,Unknown,B Corp solid/waterless skincare,Unknown,medium
Beauty Kitchen,https://beautykitchen.co.uk,Beauty,UK,2011,Unknown,Yes,Unknown,Unknown,Unknown,Unknown,Unknown,Unknown,B Corp Scottish beauty,No,medium
ALIANAz,https://alianaz.com,Beauty,UK,2020,8,Unknown,Unknown,Unknown,Unknown,Unknown,Unknown,£642k turnover 2023 (press),Maidenhead dissolvable powder beauty,Partial,medium
Monpure,https://monpure.com,Beauty,UK,Unknown,Unknown,Unknown,Unknown,Unknown,Unknown,Unknown,Unknown,Unknown,B Corp scalp/hair,Unknown,medium
Bouclème,https://boucleme.co.uk,Beauty,UK,2017,Unknown,Yes,Unknown,Unknown,Unknown,Unknown,IG @boucleme,Unknown,UK curl care; Founder Michele Scott-Lynch; curly haircare; UK formulated,No,medium
Estrid,https://estrid.com,Beauty,UK/Sweden,2019,Unknown,Yes,Unknown,Unknown,Unknown,Unknown,IG @estrid,Top UK DTC beauty (Consumer Edge),Women's shaving/body,Partial,medium
Neom Organics,https://neomorganics.com,Beauty,UK,2008,Unknown,Yes,Unknown,Unknown,Unknown,Unknown,IG @neomorganics,Mature brand,UK wellbeing/beauty,No,medium
Deciem / The Ordinary,https://deciem.com,Beauty,UK/Canada,2013,Unknown,Yes,Unknown,Unknown,Unknown,Unknown,IG @theordinary,Large scale,Science skincare (mature),No,medium
Typology,https://typology.com,Beauty,France,2018,Unknown,Yes,Unknown,Unknown,Unknown,Unknown,IG @typology,Funded French beauty,Paris clean skincare DTC,No,medium
900.care,https://900.care,Beauty,France,2019,Unknown,Yes,Unknown,Unknown,Unknown,Unknown,Unknown,Raised $34.7M (Tracxn),French refill beauty,Partial,medium
Respire,https://respire.co,Beauty,France,2019,Unknown,Yes,Unknown,Unknown,Unknown,Unknown,IG @respire,Pharmacy channel scale,Natural personal care Paris,Partial,medium
La Rosée,https://larosee-cosmetiques.com,Beauty,France,2016,Unknown,Yes,Unknown,Unknown,Unknown,Unknown,Unknown,Unknown,French pharmacy dermocosmetics,No,medium
Unbottled,https://unbottled.co,Beauty,France,2020,Unknown,Yes,Unknown,Unknown,Unknown,Unknown,Unknown,Profitable (founder claim),Solid cosmetics B Corp Paris,Partial,medium
Seasonly,https://seasonly.fr,Beauty,France,2018,Unknown,Yes,Unknown,Unknown,Unknown,Unknown,Unknown,Unknown,Clean beauty Paris; Sephora,No,medium
Rowse,https://rowsebeauty.com,Beauty,Spain,2018,Unknown,Yes,Unknown,Unknown,Unknown,Unknown,IG @rowsebeauty,Unknown,Madrid plant-based skincare,No,medium
Yepoda,https://yepoda.com,Beauty,Germany,2020,Unknown,Yes,Unknown,Unknown,Unknown,Unknown,IG @yepoda,Series A (JamJar),Berlin K-beauty DTC,Partial,medium
Gitti Conscious Beauty,https://gitti.de,Beauty,Germany,2017,Unknown,Yes,Unknown,Unknown,Unknown,Unknown,IG @gitti,Unknown,Berlin water-based nail/beauty,No,medium
Avea,https://avea-life.com,Beauty,Switzerland,2021,Unknown,Yes,Unknown,Unknown,Unknown,Unknown,Unknown,$5M seed reported,Longevity supplements Zug,Partial,medium
La Crique,https://lacriquebeauty.com,Beauty,France,2023,Unknown,Yes,Unknown,Unknown,Unknown,Unknown,Unknown,Targeting €1M CA (press),Marseille hybrid makeup,Partial,medium
Ophéo,https://opheo.co,Beauty,France,2021,Unknown,Unknown,Unknown,Unknown,Unknown,Unknown,Unknown,Unknown,Corsican natural skincare,Partial,medium
Hyléria,https://hyleria.com,Beauty,France,2021,Unknown,Unknown,Unknown,Unknown,Unknown,Unknown,Unknown,Unknown,French refillable skincare,Partial,medium
Omri,https://omri-lab.com,Beauty,France,Unknown,Unknown,Unknown,Unknown,Unknown,Unknown,Unknown,Unknown,Unknown,French multi-use balms,Unknown,low
Sān Wellness,https://sanwellness.co,Beauty,UK,2020,Unknown,Unknown,Unknown,Unknown,Unknown,Unknown,Unknown,Unknown,Reckitt Access VC backed,Partial,medium
Bleach London,https://bleachlondon.com,Beauty,UK,2013,Unknown,Yes,Unknown,Unknown,Unknown,Unknown,IG @bleachlondon,Mature,Hair colour brand; British hair colour brand; vegan credentials; Gen Z cult,No,medium
Pleasing,https://pleasing.com,Beauty,UK,2022,Unknown,Yes,Unknown,Unknown,Unknown,Unknown,IG @pleasing,Unknown,Harry Styles beauty (London launch),Partial,medium
Widerry,https://widerry.com,Shoes,UK,2021,Unknown,Partial,Unknown,Unknown,Unknown,Unknown,Unknown,Unknown,Wide-fit women shoes; made Spain,Partial,medium
Laura See London,https://www.lauraseelondon.com,Shoes,UK,2021,Unknown,Unknown,Unknown,Yes,None found,None found,Unknown,Unknown,Founder Laura See; May 2021 website,Partial,medium
Tori Solea,https://torisolea.com,Shoes,UK,Unknown,Unknown,Unknown,Unknown,Yes,Unknown,Unknown,Unknown,Unknown,Inclusive size luxury heels London,Unknown,medium
Sophie Park,https://www.sophiepark.co.uk,Shoes,UK,2021,Unknown,Unknown,Unknown,Yes,Unknown,Unknown,Unknown,Unknown,Plant-based footwear LCF/Jimmy Choo Academy; Plant-based/vegan footwear; Jimmy Choo Academy launch; LFW 2022,Partial,medium
Air & Grace,https://airandgracelondon.com,Shoes,UK,Unknown,Unknown,Partial,Unknown,Unknown,Unknown,Unknown,Unknown,Unknown,Women comfort fashion shoes London,Unknown,medium
Winnoh,https://winnoh.com,Shoes,UK,2022,Unknown,Unknown,Unknown,Unknown,Unknown,Unknown,Unknown,Unknown,UK design / Portugal craft (TechRound),Partial,medium
Bahé,https://bahe.co,Shoes,UK,Unknown,Unknown,Unknown,Unknown,Unknown,Unknown,Unknown,Unknown,Unknown,UK footwear startup list,Unknown,low
Shaffay UK,https://shaffay.com,Shoes,UK,Unknown,Unknown,Unknown,Unknown,Unknown,Unknown,Unknown,Unknown,Unknown,Elegant house slippers UK,Unknown,low
Kat Maconie,https://katmaconie.com,Shoes,UK,2008,Unknown,Yes,Unknown,Unknown,Unknown,Unknown,IG @katmaconie,Unknown,London designer footwear (older),No,medium
Lucy Choi London,https://lucychoilondon.com,Shoes,UK,Unknown,Unknown,Unknown,Unknown,Unknown,Unknown,Unknown,Unknown,Unknown,Affordable luxury footwear,Unknown,medium
Po-Zu,https://po-zu.com,Shoes,UK,2008,Unknown,Yes,Unknown,Unknown,Unknown,Unknown,Unknown,Unknown,Ethical footwear UK (older),No,medium
Kahmune,https://kahmune.com,Shoes,UK,Unknown,Unknown,Unknown,Unknown,Unknown,Unknown,Unknown,Unknown,Unknown,Skin-tone matching footwear,Unknown,low
Neous,https://neous.co.uk,Shoes,UK,2017,Unknown,Yes,Unknown,Unknown,Unknown,Unknown,IG @neous,Unknown,Sculptural luxury footwear,No,medium
Nodaleto,https://nodaleto.com,Shoes,France,2019,Unknown,Yes,Unknown,Unknown,Unknown,Unknown,IG @nodaleto,Unknown,Paris cult heels,Partial,medium
Saye,https://saye.com,Shoes,Spain,2017,Unknown,Yes,Unknown,Unknown,Unknown,Unknown,IG @saye,Unknown,Spanish sustainable sneakers,No,medium
Dear Frances,https://dearfrances.com,Shoes,UK,2013,Unknown,Yes,Unknown,Unknown,Unknown,Unknown,IG @dearfrances,Unknown,Minimal luxury footwear,No,medium
Le Monde Beryl,https://lemondedeberyl.com,Shoes,Italy/UK,2014,Unknown,Yes,Unknown,Unknown,Unknown,Unknown,Unknown,Unknown,Velvet slippers etc.,No,medium
Malone Souliers,https://malonesouliers.com,Shoes,UK,2014,Unknown,Yes,Unknown,Unknown,Unknown,Unknown,IG @malonesouliers,Unknown,Luxury footwear London,No,medium
Filling Pieces,https://fillingpieces.com,Shoes,Netherlands,2009,Unknown,Yes,Unknown,Unknown,Unknown,Unknown,IG @fillingpieces,Unknown,Amsterdam footwear (older),No,medium
Almada Label,https://armadlabel.com,Clothing,Denmark/Intl,Unknown,Unknown,Unknown,Unknown,Unknown,Unknown,Unknown,Unknown,Unknown,WWW female-founded (verify spelling/site),Unknown,low
Aspiga,https://aspiga.com,Clothing,UK,2006,Unknown,Yes,Unknown,Unknown,Unknown,Unknown,IG @aspiga,Unknown,B Corp UK (20yrs — older); Founder Lucy Macnamara; London contemporary/ethical womenswear,No,medium
Suzannah London,https://suzannah.com,Clothing,UK,2000s,Unknown,Unknown,Unknown,Unknown,Unknown,Unknown,Unknown,Unknown,Luxury formalwear (older),No,medium
E.P.Brown,https://epbrown.com,Mixed,UK,2024-2025,Unknown,Unknown,Unknown,Unknown,Unknown,Unknown,Unknown,Unknown,UK handbags newly launched (C&TH),Partial,medium
Chopova Lowena,https://chopovalowena.com,Clothing,UK,2017,Unknown,Unknown,Unknown,Unknown,Unknown,Unknown,IG @chopovalowena,Unknown,London designer,No,medium
Conner Ives,https://connerives.com,Clothing,UK,Unknown,Unknown,Unknown,Unknown,Unknown,Unknown,Unknown,IG @connerives,Unknown,Emerging London,Unknown,medium
Knwls,https://knwls.com,Clothing,UK,2016,Unknown,Unknown,Unknown,Unknown,Unknown,Unknown,IG @knwls,Unknown,Charlotte Knowles / Alexandre Vauthier assoc.,No,medium
Talia Byre,https://taliabyre.com,Clothing,UK,Unknown,Unknown,Unknown,Unknown,Unknown,Unknown,Unknown,Unknown,Unknown,Emerging London (WWW),Unknown,low
Studio Nicholson,https://studionicholson.com,Clothing,UK,2010,Unknown,Yes,Unknown,Unknown,Unknown,Unknown,IG @studionicholson,Unknown,London contemporary (older),No,medium
Sister Jane,https://sisterjane.com,Clothing,UK,Unknown,Unknown,Yes,Unknown,Unknown,Unknown,Unknown,IG @sisterjane,Unknown,UK feminine fashion,Unknown,medium
Susamusa,https://susamusa.com,Clothing,Unknown/EU,2020,4,Yes,Unknown,Yes,Unknown,Unknown,Instagram @susamusa; LinkedIn susamusa,Unknown,WWW Gen Z indie list; Founder Asal Tehrani; stocked at Liberty London,No,low
Her Rayn,https://herrayn.com,Clothing,Unknown,Unknown,Unknown,Unknown,Unknown,Unknown,Unknown,Unknown,Unknown,Unknown,WWW Gen Z list,Unknown,low
Knot Nice,https://knotnice.com,Clothing,Unknown,Unknown,Unknown,Unknown,Unknown,Unknown,Unknown,Unknown,Unknown,Unknown,WWW Gen Z list,Unknown,low
Clòimh,https://cloimh.com,Clothing,Unknown,2025?,Unknown,Unknown,Unknown,Unknown,Unknown,Unknown,Unknown,Unknown,WWW Gen Z list,Unknown,low
Miaou,https://miaou.com,Clothing,France/US,2016,Unknown,Yes,Unknown,Unknown,Unknown,Unknown,IG @miaou,Unknown,French-rooted femme sets,No,medium
La Petite Étoile,https://lapetiteetoile.com,Clothing,France,2014,Unknown,Unknown,Unknown,Unknown,Unknown,Unknown,Unknown,Unknown,Parisian brand,No,medium
Petite Mendigote,https://petitemendigote.com,Clothing,France,2003,Unknown,Unknown,Unknown,Unknown,Unknown,Unknown,Unknown,Unknown,Parisian (older),No,medium
Wellicious,https://wellicious.com,Clothing,Germany,Unknown,Unknown,Unknown,Unknown,Unknown,Unknown,Unknown,Unknown,Unknown,German yoga/wellness wear,Unknown,low
Lilian von Trapp,https://lilianvontrapp.com,Clothing,Germany,Unknown,Unknown,Unknown,Unknown,Unknown,Unknown,Unknown,Unknown,Unknown,German sustainable,Unknown,low
REER3,https://reer3.com,Clothing,Germany,Unknown,Unknown,Unknown,Unknown,Unknown,Unknown,Unknown,Unknown,Unknown,German sustainable,Unknown,low
Honest Basics,https://honest-basics.com,Clothing,Germany,Unknown,Unknown,Unknown,Unknown,Unknown,Unknown,Unknown,Unknown,Unknown,German basics,Unknown,low
Vatter,https://vatter.de,Clothing,Germany,Unknown,Unknown,Unknown,Unknown,Unknown,Unknown,Unknown,Unknown,Unknown,German sustainable,Unknown,low
Jyoti Fair Works,https://jyoti-fairworks.org,Clothing,Germany,Unknown,Unknown,Unknown,Unknown,Unknown,Unknown,Unknown,Unknown,Unknown,German fair fashion,Unknown,low
Infantium Victoria,https://infantiumvictoria.com,Clothing,Germany,Unknown,Unknown,Unknown,Unknown,Unknown,Unknown,Unknown,Unknown,Unknown,German kids/women adjacent,Unknown,low
MELAWEAR,https://melawear.de,Clothing,Germany,Unknown,Unknown,Unknown,Unknown,Unknown,Unknown,Unknown,Unknown,Unknown,German fair fashion,Unknown,low
ThokkThokk,https://thokkthokk.com,Clothing,Germany,Unknown,Unknown,Unknown,Unknown,Unknown,Unknown,Unknown,Unknown,Unknown,German sustainable,Unknown,low
Sense Organics,https://sense-organics.com,Clothing,Germany,Unknown,Unknown,Unknown,Unknown,Unknown,Unknown,Unknown,Unknown,Unknown,German organic fashion,Unknown,low
Pippa of London,https://pippaoflondon.co.uk,Beauty,UK,2017,16,Yes,Unknown,Yes,Unknown,Unknown,LI company/pippaoflondon,Unknown,Makeup; LI 16 employees,No,medium
helloSKIN,https://helloskin.co.uk,Beauty,UK,Unknown,Unknown,Unknown,Unknown,Unknown,Unknown,Unknown,Unknown,Unknown,UK indie beauty mention,Unknown,low
Disruptor London,https://disruptorlondon.com,Beauty,UK,Unknown,Unknown,Unknown,Unknown,Unknown,Unknown,Unknown,Unknown,Unknown,UK indie beauty mention,Unknown,low
By Sarah,https://bysarahskin.com,Beauty,UK,Unknown,Unknown,Unknown,Unknown,Unknown,Unknown,Unknown,Unknown,Unknown,Sensitive skincare UK,Unknown,low
Project Harmless,https://projectharmless.com,Beauty,UK,Unknown,Unknown,Unknown,Unknown,Unknown,Unknown,Unknown,Unknown,Unknown,Sustainable apothecary UK,Unknown,low
Bathing Beauty,https://bathingbeauty.co.uk,Beauty,UK,2017,Unknown,Unknown,Unknown,Unknown,Unknown,Unknown,Unknown,Unknown,Wales natural skincare B Corp mention,No,medium
DAME,https://wearedame.co,Beauty,UK,2017,Unknown,Yes,Unknown,Unknown,Unknown,Unknown,IG @wearedame,Unknown,Period care / beauty adjacent B Corp,No,medium
Currentbody,https://www.currentbody.com,Beauty,UK,2009,Unknown,Yes,Unknown,Unknown,Unknown,Unknown,Unknown,Unknown,Beauty devices retailer (older),No,medium
Medik8,https://www.medik8.com,Beauty,UK,2009,Unknown,Yes,Unknown,Unknown,Unknown,Unknown,IG @medik8,Large; L'Oréal deal reported,Science skincare (older),No,medium
Oh My Cream,https://www.ohmycream.com,Beauty,France,2012,Unknown,Yes,Unknown,Unknown,Unknown,Unknown,Unknown,Unknown,French beauty retailer/brand ecosystem,No,medium
Absolution,https://www.absolution-cosmetics.com,Beauty,France,2009,Unknown,Yes,Unknown,Unknown,Unknown,Unknown,Unknown,Unknown,Organic French skincare (older),No,medium
Oden,https://oden.fr,Beauty,France,Unknown,Unknown,Unknown,Unknown,Unknown,Unknown,Unknown,Unknown,Unknown,French indie skincare,Unknown,low
Les Petits Prodiges,https://lespetitsprodiges.com,Beauty,France,Unknown,Unknown,Unknown,Unknown,Unknown,Unknown,Unknown,Unknown,Unknown,French indie,Unknown,low
HeLhem,https://helhem.com,Beauty,France,Unknown,Unknown,Unknown,Unknown,Unknown,Unknown,Unknown,Unknown,Unknown,French indie skincare,Unknown,low
Le Baigneur,https://lebaigneur.com,Beauty,France,Unknown,Unknown,Unknown,Unknown,Unknown,Unknown,Unknown,Unknown,Unknown,French bath/body,Unknown,low
Panier des Sens,https://panierdessens.com,Beauty,France,Older,Unknown,Yes,Unknown,Unknown,Unknown,Unknown,Unknown,Unknown,Provence beauty (supports La Crique),No,medium
Allies of Skin,https://alliesofskin.com,Beauty,Germany/Singapore,2013,Unknown,Yes,Unknown,Unknown,Unknown,Unknown,IG @alliesofskin,Series B reported,Berlin HQ mention (Tracxn),No,medium
happybrush,https://happybrush.de,Beauty,Germany,2015,Unknown,Yes,Unknown,Unknown,Unknown,Unknown,Unknown,Unknown,German oral care beauty DTC,No,medium
Lethal Cosmetics,https://lethalcosmetics.com,Beauty,Germany,Unknown,Unknown,Yes,Unknown,Unknown,Unknown,Unknown,Unknown,Unknown,German indie colour cosmetics,Unknown,medium
Nabla Cosmetics,https://nablacosmetics.com,Beauty,Italy,2014,Unknown,Yes,Unknown,Unknown,Unknown,Unknown,IG @nablacosmetics,Unknown,Italian indie makeup,No,medium
Comme Ça Skincare,https://commecaskincare.com,Beauty,Netherlands,Unknown,Unknown,Unknown,Unknown,Unknown,Unknown,Unknown,Unknown,Unknown,Dutch indie skincare mention,Unknown,low
Studio Amelia,https://studioamelia.com,Mixed,Australia/UK market,2019,Unknown,Yes,Unknown,Unknown,Unknown,Unknown,IG @studioamelia,Unknown,"Footwear-to-RTW; WWW list (AU origin, EU/UK sales)",Partial,medium
Anna October,https://annaoctober.com,Clothing,Ukraine/EU,Unknown,Unknown,Yes,Unknown,Unknown,Unknown,Unknown,IG @annaoctober,Unknown,WWW list; ships EU,Unknown,medium
Horizn Studios,https://horizn-studios.com,Mixed,Germany,2015,Unknown,Yes,Unknown,Unknown,Unknown,Unknown,IG @horiznstudios,Unknown,Berlin travel/lifestyle (not core apparel),No,medium
Kapten & Son,https://kapten-son.com,Mixed,Germany,2014,Unknown,Yes,Unknown,Unknown,Unknown,Unknown,IG @kaptenandson,Unknown,Accessories (bags/watches) DTC,No,medium
Onateri,https://onateri.com,Clothing,UK,Unknown,Unknown,Unknown,Unknown,Unknown,Unknown,Unknown,Unknown,Unknown,Emerging UK (press mention),Unknown,low
Emello,https://emello.co,Clothing,UK,Unknown,Unknown,Unknown,Unknown,Unknown,Unknown,Unknown,Unknown,Unknown,Emerging UK (press mention),Unknown,low
Michaela V,https://michaelav.com,Shoes,UK,Unknown,Unknown,Unknown,Unknown,Unknown,Unknown,Unknown,Unknown,Unknown,UK shoe startup list,Unknown,low
Etta Grove,https://ettagrove.com,Shoes,UK/US,2022,Unknown,Unknown,Unknown,Unknown,Unknown,Unknown,Unknown,Unknown,Extended size footwear,Partial,low
Solely Original,https://solelyoriginal.com,Shoes,UK,2014,3,Unknown,Unknown,Yes,Unknown,Unknown,Unknown,Unknown,Made-to-measure heels tech,No,medium
Duke & Dexter,https://dukeanddexter.com,Shoes,UK,Unknown,Unknown,Unknown,Unknown,Unknown,Unknown,Unknown,Unknown,Unknown,British footwear,Unknown,medium
SIX London,https://sixlondon.com,Shoes,UK,Unknown,Unknown,Unknown,Unknown,Unknown,Unknown,Unknown,Unknown,Unknown,Contemporary fashion footwear services/brand,Unknown,low
Manu Atelier,https://manuatelier.com,Shoes,Turkey/EU,2014,Unknown,Yes,Unknown,Unknown,Unknown,Unknown,IG @manuatelier,Unknown,Luxury bags/shoes EU market,No,medium
Paris Texas,https://paristexas.it,Shoes,Italy,Unknown,Unknown,Yes,Unknown,Unknown,Unknown,Unknown,IG @paristexas_it,Unknown,Italian footwear brand,Unknown,medium
Vagabond,https://vagabond.com,Shoes,Sweden,1965,Unknown,Yes,Unknown,Unknown,Unknown,Unknown,IG @vagabondshoes,Mature,Swedish footwear (older),No,medium
Nomasei,https://nomasei.com,Shoes,France,Unknown,Unknown,Unknown,Unknown,Unknown,Unknown,Unknown,Unknown,Unknown,French shoe brand (ELLE),Unknown,low
Vivaia,https://vivaia.com,Shoes,US/Global (EU sales),2020,Unknown,Yes,Unknown,Unknown,Unknown,Unknown,IG @vivaia,Unknown,Sustainable knit shoes; EU shipping,Partial,medium
Nothing New,https://nothingnew.com,Shoes,US/EU sales,Unknown,Unknown,Yes,Unknown,Unknown,Unknown,Unknown,Unknown,Unknown,Recycled sneakers (TechRound list),Unknown,low
Manley,https://www.manley.ie,Clothing,Ireland,2010,Unknown,Yes,Unknown,Yes,Unknown,Unknown,Unknown,Unknown,Irish designer womenswear; ships worldwide,No,medium
SoRoe Design,https://soroedesign.ie,Clothing,Ireland,Unknown,Unknown,Yes,Unknown,Unknown,Unknown,Unknown,Unknown,Unknown,Handmade Dublin womenswear; worldwide shipping,Unknown,medium
AOIFE Lifestyle,https://aoifelifestyle.com,Clothing,Ireland,2014,Unknown,Yes,Unknown,Unknown,Unknown,Unknown,Unknown,Unknown,Circular luxury deadstock fabrics Ireland,No,medium
Fauna,https://www.fauna.ie,Clothing,Ireland,2015,Unknown,Unknown,Unknown,Unknown,Unknown,Unknown,Unknown,Unknown,Dublin handprinted organic clothing,No,medium
Aoife McNamara,https://aoifemcnamara.com,Clothing,Ireland,2019,Unknown,Unknown,Unknown,Yes,Unknown,Unknown,Unknown,Unknown,Ireland first B Corp fashion brand,Partial,medium
FéRí,https://feri.ie,Clothing,Ireland,Unknown,Unknown,Unknown,Unknown,Unknown,Unknown,Unknown,Unknown,Unknown,Irish indie fashion mention,Unknown,low
Native Denims,https://nativedenims.com,Clothing,Ireland,Unknown,Unknown,Unknown,Unknown,Unknown,Unknown,Unknown,Unknown,Unknown,Irish denim brand mention,Unknown,low
Adanola,https://adanola.com,Clothing,UK,2019,Unknown,Yes,Unknown,Unknown,Unknown,Unknown,IG @adanola,Unknown,Drapers Buzz Brand 2025; activewear,Partial,medium
Never Fully Dressed,https://neverfullydressed.com,Clothing,UK,2011,Unknown,Yes,Unknown,Unknown,Unknown,Unknown,IG @neverfullydressed,Unknown,Drapers Buzz Brand,No,medium
Odd Muse,https://oddmuse.co.uk,Clothing,UK,2020,35,Yes,Unknown,Yes,Unknown,Unknown,IG @oddmuse,Unknown,Aimee Smale founder; Drapers; Founder Aimee Smale; London luxury womenswear,Partial,medium
Nadine Merabi,https://nadinemerabi.com,Clothing,UK,2015,Unknown,Yes,Unknown,Unknown,Unknown,Unknown,IG @nadinemerabi,Unknown,Drapers Buzz Brand; occasionwear,No,medium
Maebe,https://maebe.co.uk,Clothing,UK,2024-2025,Unknown,Unknown,Unknown,Yes,Unknown,Unknown,Unknown,Unknown,Molly-Mae Hague brand (Drapers 2025),Partial,medium
Mars the Label,https://marsthelabel.com,Clothing,UK,Unknown,Unknown,Unknown,Unknown,Yes,Unknown,Unknown,Unknown,Unknown,Arianna Ajtar; Drapers 30U30 2025,Unknown,medium
Nuba,https://nuba.com,Clothing,UK,Unknown,Unknown,Unknown,Unknown,Yes,Unknown,Unknown,Unknown,Unknown,Cameron Williams; Drapers 2025,Unknown,low
Intotum,https://intotum.com,Clothing,UK,Unknown,Unknown,Unknown,Unknown,Yes,Unknown,Unknown,Unknown,Unknown,Hanan Tantush; Drapers 2025,Unknown,low
Hera Clothing,https://hera-clothing.com,Clothing,UK,Unknown,Unknown,Unknown,Unknown,Unknown,Unknown,Unknown,Unknown,Unknown,Drapers 30U30 mention,Unknown,low
Dewey Clothing,https://deweyclothing.com,Clothing,UK,Unknown,Unknown,Unknown,Unknown,Yes,Unknown,Unknown,Unknown,Unknown,Chamiah Dewey founder,Unknown,low
Chet Lo,https://chetlo.com,Clothing,UK,Unknown,Unknown,Unknown,Unknown,Yes,Unknown,Unknown,IG @chetlo,Unknown,Designer brand London,Unknown,medium
Mowalola,https://mowalola.com,Clothing,UK,2017,Unknown,Unknown,Unknown,Yes,Unknown,Unknown,IG @mowalola,Unknown,London designer,No,medium
SS Daley,https://ssdaley.com,Clothing,UK,2020,Unknown,Unknown,Unknown,Yes,Unknown,Unknown,IG @ssdaley,Unknown,Steven Stokey-Daley,Partial,medium
Willow & Wolf,https://willowandwolf.co.uk,Clothing,UK,Unknown,Unknown,Unknown,Unknown,Yes,Unknown,Unknown,Unknown,Unknown,Isabella Wookey; Drapers 2023,Unknown,low
Dancing Leopard,https://dancingleopard.co.uk,Clothing,UK,2009,Unknown,Yes,Unknown,Unknown,Unknown,Unknown,Instagram @dancingleopard,Unknown,UK womenswear ecommerce; Founder Jade Crocker; London playful print womenswear,No,medium
The Fold,https://thefoldlondon.com,Clothing,UK,2011,Unknown,Yes,Unknown,Unknown,Unknown,Unknown,IG @thefoldlondon,Unknown,Workwear womenswear London,No,medium
Cult Mia,https://cultmia.com,Mixed,UK,Unknown,Unknown,Yes,Unknown,Unknown,Unknown,Unknown,IG @cultmia,Unknown,Curated fashion marketplace/retail,Unknown,medium
Wildling Shoes,https://www.wildling.shoes,Shoes,Germany,2015,Unknown,Yes,Unknown,Unknown,Unknown,Unknown,Unknown,Unknown,German barefoot-style footwear,No,medium
VATTER Fashion,https://www.vatter-fashion.com,Clothing,Germany,Unknown,Unknown,Unknown,Unknown,Unknown,Unknown,Unknown,Unknown,Unknown,Munich sustainable underwear,Unknown,medium
pinqponq,https://pinqponq.com,Mixed,Germany,Unknown,Unknown,Yes,Unknown,Unknown,Unknown,Unknown,Unknown,Unknown,Bags from recycled plastic (adjacent),Unknown,medium
NIKIN,https://nikin.ch,Clothing,Switzerland,2016,Unknown,Yes,Unknown,Unknown,Unknown,Unknown,Unknown,Unknown,Swiss tree-planting apparel,No,medium
LangerChen,https://langerchen.com,Clothing,Germany,Unknown,Unknown,Unknown,Unknown,Unknown,Unknown,Unknown,Unknown,Unknown,Eco outdoor men/women,Unknown,medium
Ucon Acrobatics,https://ucon-acrobatics.com,Mixed,Germany,Unknown,Unknown,Yes,Unknown,Unknown,Unknown,Unknown,Unknown,Unknown,Bags/lifestyle Berlin,Unknown,medium
Gina Tricot,https://www.ginatricot.com,Clothing,Sweden,1997,Unknown,Yes,Unknown,Unknown,Unknown,Unknown,Unknown,Unknown,Swedish women fashion (older/larger),No,medium
& Other Stories,https://www.stories.com,Clothing,Sweden,2013,Unknown,Yes,Unknown,Unknown,Unknown,Unknown,IG @andotherstories,Large H&M Group,Not indie small team,No,medium
Totême,https://www.toteme.com,Clothing,Sweden,2014,Unknown,Yes,Unknown,Unknown,Unknown,Unknown,IG @toteme,Unknown,Swedish contemporary womenswear,No,medium
Filippa K,https://www.filippa-k.com,Clothing,Sweden,1993,Unknown,Yes,Unknown,Unknown,Unknown,Unknown,Unknown,Unknown,Swedish (older),No,medium
GANNI,https://www.ganni.com,Clothing,Denmark,2000,Unknown,Yes,Unknown,Unknown,Unknown,Unknown,IG @ganni,Large scale,Danish women fashion (older),No,medium
Rotate Birger Christensen,https://rotatebirgerchristensen.com,Clothing,Denmark,2018,Unknown,Yes,Unknown,Unknown,Unknown,Unknown,IG @rotatebirgerchristensen,Unknown,Danish partywear,No,medium
Stine Goya,https://stinegoya.com,Clothing,Denmark,2006,Unknown,Yes,Unknown,Unknown,Unknown,Unknown,IG @stinegoya,Unknown,Danish print womenswear,No,medium
Baum und Pferdgarten,https://baumundpferdgarten.com,Clothing,Denmark,1999,Unknown,Yes,Unknown,Unknown,Unknown,Unknown,Unknown,Unknown,Danish (older),No,medium
Holzweiler,https://holzweileroslo.com,Clothing,Norway,2014,Unknown,Yes,Unknown,Unknown,Unknown,Unknown,IG @holzweiler,Unknown,Oslo fashion,No,medium
Rodebjer,https://rodebjer.com,Clothing,Sweden,1999,Unknown,Yes,Unknown,Unknown,Unknown,Unknown,Unknown,Unknown,Swedish womenswear,No,medium
By Malene Birger,https://www.bymalenebirger.com,Clothing,Denmark,2003,Unknown,Yes,Unknown,Unknown,Unknown,Unknown,Unknown,Unknown,Danish contemporary,No,medium
Samsøe Samsøe,https://www.samsoe.com,Clothing,Denmark,1993,Unknown,Yes,Unknown,Unknown,Unknown,Unknown,Unknown,Unknown,Danish (older),No,medium
Designers Remix,https://designersremix.com,Clothing,Denmark,Unknown,Unknown,Unknown,Unknown,Unknown,Unknown,Unknown,Unknown,Unknown,Danish womenswear,Unknown,low
Copenhagen Studios,https://copenhagenstudios.com,Shoes,Denmark,Unknown,Unknown,Yes,Unknown,Unknown,Unknown,Unknown,Unknown,Unknown,Danish footwear,Unknown,medium
Axel Arigato,https://www.axelarigato.com,Shoes,Sweden,2014,Unknown,Yes,Unknown,Unknown,Unknown,Unknown,IG @axelarigato,Unknown,Swedish sneakers (unisex),No,medium
Saywood,https://saywood.com,Clothing,UK,2020,Unknown,Unknown,Unknown,Unknown,Unknown,Unknown,Unknown,Unknown,UK sustainable womenswear mention; Founder Harriet Saywood-Bellisario; made in UK,No,low
Toast,https://toa.st,Clothing,UK,1997,Unknown,Yes,Unknown,Unknown,Unknown,Unknown,IG @toastdefault,Mature,UK considered clothing (older),No,medium
Whistles,https://www.whistles.com,Clothing,UK,1976,Unknown,Yes,Unknown,Unknown,Unknown,Unknown,Unknown,Unknown,UK high street (older/larger),No,medium
Reiss,https://www.reiss.com,Clothing,UK,1971,Unknown,Yes,Unknown,Unknown,Unknown,Unknown,Unknown,Unknown,UK (older/larger) — included for completeness only,No,medium
Lindex,https://www.lindex.com,Clothing,Sweden,1954,Unknown,Yes,Unknown,Unknown,Unknown,Unknown,Unknown,Unknown,Nordic women fashion retailer (older),No,medium
Kappahl,https://www.kappahl.com,Clothing,Sweden,1953,Unknown,Yes,Unknown,Unknown,Unknown,Unknown,Unknown,Unknown,Nordic (older/larger),No,medium
Cubus,https://www.cubus.com,Clothing,Norway,Unknown,Unknown,Yes,Unknown,Unknown,Unknown,Unknown,Unknown,Unknown,Nordic fashion chain,No,medium
Bik Bok,https://www.bikbok.com,Clothing,Norway,Unknown,Unknown,Yes,Unknown,Unknown,Unknown,Unknown,Unknown,Unknown,Nordic young women fashion,No,medium
Selected Femme,https://www.selected.com,Clothing,Denmark,Unknown,Unknown,Yes,Unknown,Unknown,Unknown,Unknown,Unknown,Unknown,Bestseller Group brand,No,medium
Vero Moda,https://www.veromoda.com,Clothing,Denmark,1987,Unknown,Yes,Unknown,Unknown,Unknown,Unknown,Unknown,Unknown,Large (older) — completeness,No,medium
Only,https://www.only.com,Clothing,Denmark,Unknown,Unknown,Yes,Unknown,Unknown,Unknown,Unknown,Unknown,Unknown,Bestseller Group,No,medium
Pieces,https://www.pieces.com,Clothing,Denmark,Unknown,Unknown,Yes,Unknown,Unknown,Unknown,Unknown,Unknown,Unknown,Bestseller accessories/apparel,No,medium
Object,https://www.object.com,Clothing,Denmark,Unknown,Unknown,Yes,Unknown,Unknown,Unknown,Unknown,Unknown,Unknown,Bestseller Group,No,medium
Y.A.S,https://www.yas.com,Clothing,Denmark,Unknown,Unknown,Yes,Unknown,Unknown,Unknown,Unknown,Unknown,Unknown,Bestseller Group women,No,medium
Vila,https://www.vila.com,Clothing,Denmark,Unknown,Unknown,Yes,Unknown,Unknown,Unknown,Unknown,Unknown,Unknown,Bestseller Group,No,medium
JDY,https://www.jdy.com,Clothing,Denmark,Unknown,Unknown,Yes,Unknown,Unknown,Unknown,Unknown,Unknown,Unknown,Bestseller Group,No,medium
Soft Rebels,https://softrebels.com,Clothing,Denmark,Unknown,Unknown,Unknown,Unknown,Unknown,Unknown,Unknown,Unknown,Unknown,Danish indie mention,Unknown,low
Avenir,https://avenirberlin.de,Clothing,Germany,2020,Unknown,Unknown,Unknown,Unknown,Unknown,Unknown,Unknown,Unknown,Berlin circular fashion; upcycled Blue Line + eco RTW Red Line.,Yes,medium
Zodiaque Studios,https://zodiaquestudios.com,Clothing,Germany,2022,Unknown,Unknown,Unknown,Unknown,Unknown,Unknown,Unknown,Unknown,Berlin silk underwear/loungewear; store in Berlin.,Yes,medium
W1P Studios,https://w1pstudios.com,Clothing,Germany,2022,Unknown,Unknown,Unknown,Unknown,Unknown,Unknown,Unknown,Unknown,Berlin slow-fashion; on-demand/inclusive.,Yes,medium
FRiJDA JUNi,https://www.frijda-juni.de,Clothing,Germany,2020,Unknown,Partial,Unknown,Unknown,Unknown,Unknown,Unknown,Unknown,"Munich designed, made in Germany ethical womenswear.",Yes,medium
Vivien Joy,https://vivienjoy.de,Clothing,Germany,Unknown,Unknown,Partial,Unknown,Unknown,Unknown,Unknown,Unknown,Unknown,Sustainable womenswear near Karlsruhe.,No,medium
Snocks,https://snocks.com,Clothing,Germany,2016,Unknown,Yes,Unknown,Unknown,Unknown,Unknown,Instagram @snocks,~€32M in 2021 (reported),Mannheim DTC basics; acquired Oceans Apart.,No,medium
Oceans Apart,https://oceansapart.com,Clothing,Germany,2017,Unknown,Yes,Unknown,Unknown,Unknown,Unknown,Instagram @oceansapart,Unknown,German women’s activewear DTC.,No,medium
HelloBody,https://www.hellobody.com,Beauty,Germany,2016,Unknown,Yes,Unknown,Unknown,Unknown,Unknown,Instagram @hellobody,Previously cited ~€65M,Berlin DTC skincare; Invincible Brands path.,No,medium
Banana Beauty,https://www.bananabeauty.de,Beauty,Germany,Unknown,Unknown,Partial,Unknown,Unknown,Unknown,Unknown,Instagram @bananabeauty.official,Unknown,German DTC colour cosmetics.,No,medium
Mermaid+Me,https://www.mermaidandme.com,Beauty,Germany,Unknown,Unknown,Partial,Unknown,Unknown,Unknown,Unknown,Instagram @mermaidandme,Unknown,German DTC haircare.,No,medium
Rosental Organics,https://www.rosental.de,Beauty,Germany,Unknown,Unknown,Partial,Unknown,Unknown,Unknown,Unknown,Unknown,Unknown,German natural beauty brand.,No,medium
Pomponne,https://pomponne-makeup.com,Beauty,France,2020,Unknown,Partial,Unknown,Unknown,Unknown,Unknown,Instagram @pomponne.makeup,Unknown,French clean makeup; Ulule success; made in France.,Yes,medium
Miyé,https://www.miye.care,Beauty,France,2020,Unknown,Partial,Unknown,Unknown,Unknown,Unknown,Unknown,~€215k in 2021 (early press),Hormone-wellness skincare; Pierre Fabre minority stake 2023.,Yes,medium
Purally,https://purally.com,Beauty,France,2019,Unknown,Unknown,Unknown,Unknown,Unknown,Unknown,Unknown,Unknown,French anti-pollution skincare DTC.,Yes,medium
On The Wild Side,https://onthewildsidecosmetics.com,Beauty,France,Unknown,Unknown,Yes,Unknown,Unknown,Unknown,Unknown,Instagram @onthewildside.cosmetics,Unknown,French wild-plant skincare; Sephora/EU + DTC.,No,medium
Feï Paris,https://fei-paris.com,Beauty,France,2021,Unknown,Unknown,Unknown,Unknown,Unknown,Unknown,Unknown,Unknown,French dermocosmetics; powder cleanser focus.,Yes,medium
Amande C,https://amande-c.com,Clothing,France,2019,Unknown,Partial,Unknown,Unknown,Unknown,Unknown,Unknown,Unknown,Eco womenswear made near Lyon.,Yes,medium
Teran Conde Paris,https://terancondeparis.com,Clothing,France,Unknown,Unknown,Unknown,Unknown,Unknown,Unknown,Unknown,Unknown,Unknown,Handmade Paris womenswear atelier.,No,medium
Loulou de Saison,https://louloudesaison.com,Clothing,France,2019,Unknown,Yes,Unknown,Unknown,Unknown,Unknown,Instagram @louloudesaison,Unknown,Parisian womenswear; boutiques + wholesale.,Yes,medium
MaisonCléo,https://maisoncleo.com,Clothing,France,Unknown,Unknown,Yes,Unknown,Unknown,Unknown,Unknown,Instagram @maisoncleo,Unknown,Lille made-to-order deadstock brand.,No,medium
Soeur,https://www.soeur.fr,Clothing,France,2007,Unknown,Yes,Unknown,Unknown,Unknown,Unknown,Instagram @soeur_paris,Unknown,French sisters brand; multi-store + ecommerce.,No,medium
Ysé,https://www.yse-paris.com,Clothing,France,Unknown,Unknown,Partial,Unknown,Unknown,Unknown,Unknown,Instagram @yse,Unknown,French lingerie/swimwear.,No,medium
Asphalte,https://www.asphalte.com,Clothing,France,2016,Unknown,Partial,Unknown,Unknown,Unknown,Unknown,Instagram @asphalte,Unknown,French pre-order sustainable clothing.,No,medium
Polène,https://www.polene-paris.com,Mixed,France,2016,Unknown,Yes,Unknown,Unknown,Unknown,Unknown,Instagram @polene_paris,Unknown,Paris leather goods DTC.,No,medium
REYÈM,https://www.reyem.shop,Clothing,Netherlands,2019,Unknown,Yes,Unknown,Unknown,Unknown,Unknown,Unknown,Unknown,Amsterdam womenswear; made NL/Portugal.,Yes,medium
Aímée the Label,https://aimeethelabel.nl,Clothing,Netherlands,2019,Unknown,Partial,Unknown,Unknown,Unknown,Unknown,Unknown,Unknown,Dutch slow-fashion webshop.,Yes,medium
Gutsy Fashion,https://www.gutsy.fashion,Clothing,Netherlands,2019,1,Partial,Unknown,Unknown,Unknown,Unknown,Instagram @gutsy.fashion,Unknown,Handmade-to-order Dutch label.,Yes,medium
Arber Studio,https://www.arberstudio.com,Clothing,Netherlands,2020,Unknown,Partial,Unknown,Unknown,Unknown,Unknown,Unknown,Unknown,Amsterdam made-to-order blouses.,Yes,medium
Lovely Studios,https://lovelystudios.nl,Clothing,Netherlands,2020,Unknown,Unknown,Unknown,Unknown,Content creator / internship postings reported,Unknown,Instagram @lovelystudios,Unknown,Amsterdam fashion label; DTC + pop-ups.,Yes,medium
Boom Butik,https://boombutik.com,Clothing,Denmark,2020,Unknown,Partial,Unknown,Unknown,Unknown,Unknown,Instagram @boombutik,~$8.4M in 2024 (press),Copenhagen sweatpants/basics; stores CPH/Stockholm.,Yes,medium
CYME Copenhagen,https://cymecopenhagen.com,Clothing,Denmark,Unknown,Unknown,Yes,Unknown,Unknown,Unknown,Unknown,Unknown,Unknown,Danish high-end timeless womenswear.,No,medium
Nordenstjerne,https://nordenstjerne.com,Clothing,Denmark,2021,Unknown,Yes,Unknown,Unknown,Unknown,Unknown,Unknown,Unknown,Copenhagen transparency-focused fashion.,Yes,medium
REMAIN Birger Christensen,https://remainbirgerchristensen.com,Clothing,Denmark,2018,Unknown,Yes,Unknown,Unknown,Unknown,Unknown,Instagram @remainbirgerchristensen,Unknown,Copenhagen elevated basics.,No,medium
CAIA Cosmetics,https://caiacosmetics.com,Beauty,Sweden,2018,Unknown,Yes,Unknown,Unknown,Unknown,Unknown,Instagram @caiacosmetics,Previously cited ~$40M,Stockholm influencer-led DTC makeup.,No,medium
Flattered,https://flattered.com,Shoes,Sweden,2013,Unknown,Yes,Unknown,Unknown,Unknown,Unknown,Instagram @flattered,Unknown,Stockholm footwear & leather goods.,No,medium
NA-KD,https://www.na-kd.com,Clothing,Sweden,2015,Unknown,Yes,Unknown,Unknown,Unknown,Unknown,Instagram @nakdfashion,Unknown,Swedish digital fashion house.,No,medium
Soft Goat,https://softgoat.com,Clothing,Sweden,Unknown,Unknown,Yes,Unknown,Unknown,Unknown,Unknown,Instagram @softgoat,Unknown,Swedish cashmere/knitwear DTC.,No,medium
Asket,https://www.asket.com,Clothing,Sweden,2015,Unknown,Yes,Unknown,Unknown,Unknown,Unknown,Instagram @asket,Unknown,Stockholm permanent-collection clothing.,No,medium
It's Lava,https://itslava.es,Mixed,Spain,2019,Unknown,Partial,Unknown,Unknown,Unknown,Unknown,Instagram @itslava,Unknown,Madrid women’s bags/accessories DTC.,Yes,medium
Lico Cosmetics,https://licocosmetics.com,Beauty,Spain,2020,~39,Partial,Unknown,Unknown,Unknown,Unknown,Unknown,~€13M LTM (AECOC 2025),Spanish online-only skincare; Lanzadera-backed.,Yes,medium
WILDA,https://wilda.beauty,Beauty,Spain,Unknown,Unknown,Unknown,Unknown,Unknown,Unknown,Unknown,Unknown,Unknown,Spanish vegan/eco makeup.,No,medium
The Tiny Big Sister,https://thetinybigsister.com,Clothing,Spain,2020,Unknown,Yes,Unknown,Unknown,Unknown,Unknown,Instagram @thetinybigsister,Unknown,Barcelona ethics-focused womenswear.,Yes,medium
Espressoh,https://espressoh.com,Beauty,Italy,2018,Unknown,Yes,Unknown,Unknown,Unknown,Unknown,Instagram @espressoh,~€800k prior year (WWD early),Milan indie makeup DTC.,No,medium
Ilaire,https://www.ilaire.com,Beauty,Italy,2020,Unknown,Partial,Unknown,Unknown,Unknown,Unknown,Unknown,Unknown,Italian cosmeceutical brand.,Yes,medium
Arielle Cosmetics Milano,https://ariellecosmeticsmilano.it,Beauty,Italy,2020,Unknown,Unknown,Unknown,Unknown,Unknown,Unknown,Instagram @ariellecosmeticsmilano,Unknown,Milan science-led skincare.,Yes,medium
BELB Collection,https://belbcollection.com,Clothing,Portugal,2021,Unknown,Partial,Unknown,Unknown,Unknown,Unknown,Unknown,Unknown,Portuguese limited festive/urban womenswear.,Yes,medium
ALMA Capsule Collections,https://almacapsule.com,Clothing,Portugal,2021,Unknown,Partial,Unknown,Unknown,Unknown,Unknown,Unknown,Unknown,Portuguese sustainable capsule womenswear.,Yes,medium
Taippe,https://taippe.com,Clothing,Ireland,2024,3,Yes,Yes,Unknown,Unknown,Unknown,Unknown,Unknown,"Irish-designed, Portuguese-crafted slow fashion.",Yes,medium
YOU LOOK PERFECT,https://www.youlookperfect.at,Clothing,Austria,2017,Unknown,Partial,Unknown,Unknown,Unknown,Unknown,Unknown,Unknown,Austrian sustainable knitted loungewear.,No,medium
Your KAYA,https://yourkaya.pl,Beauty,Poland,2017,~40,Partial,Unknown,Unknown,Unknown,Unknown,Instagram @yourkaya,Unknown,Warsaw DTC intimate care/skincare.,No,medium
noszesztuke,https://noszesztuke.com,Clothing,Poland,Unknown,Unknown,Partial,Unknown,Unknown,Unknown,Unknown,Unknown,Unknown,Polish made-to-order slow fashion.,No,medium
Dorilou,https://dorilou.com,Clothing,Belgium,Unknown,Unknown,Unknown,Unknown,Unknown,Unknown,Unknown,Unknown,Unknown,Belgium genderless sustainable label.,No,medium
Âme Antwerp,https://ame-antwerp.com,Clothing,Belgium,Unknown,Unknown,Unknown,Unknown,Unknown,Unknown,Unknown,Unknown,Unknown,Belgian women’s RTW Antwerp.,No,medium
Lili Marleena,https://lilimarleena.com,Clothing,Finland,2019,Unknown,Unknown,Unknown,Unknown,Unknown,Unknown,Unknown,Unknown,Helsinki women’s clothing from surplus fabrics.,Yes,medium
SEES,https://sees.fi,Beauty,Finland,2019,Unknown,Partial,Unknown,Unknown,Unknown,Unknown,Unknown,Unknown,Finnish certified Nordic natural cosmetics.,Yes,medium
HAVU Cosmetics,https://havucosmetics.com,Beauty,Finland,2019,Unknown,Partial,Unknown,Unknown,Unknown,Unknown,Unknown,Unknown,Helsinki zero-waste lipstick/refill cosmetics.,Yes,medium
Studio Sieluisa,https://studiosieluisa.fi,Clothing,Finland,2020,Unknown,Unknown,Unknown,Unknown,Unknown,Unknown,Unknown,Unknown,Finnish dresses; buy/rent/repair; check ops status.,Yes,medium
JOTT,https://www.jott.com,Clothing,France,2010,Unknown,Yes,Unknown,Unknown,Unknown,Unknown,Instagram @jott,Unknown,Marseille light-down outerwear.,No,medium
Goodiebox,https://bygoodiebox.com,Beauty,Denmark,2012,Unknown,Yes,Unknown,Unknown,Unknown,Unknown,Instagram @bygoodiebox,Unknown,Danish beauty subscription/ecommerce.,No,medium
Magda Butrym,https://magdabutrym.com,Clothing,Poland,2014,Unknown,Yes,Unknown,Unknown,Unknown,Unknown,Instagram @magdabutrym,Unknown,Polish designer womenswear.,No,medium
Bodyologist,https://bodyologist.com,Beauty,Denmark,Unknown,Unknown,Partial,Unknown,Unknown,Unknown,Unknown,Unknown,Unknown,Danish bodycare DTC.,No,medium
Verso Skincare,https://versoskincare.com,Beauty,Sweden,Unknown,Unknown,Yes,Unknown,Unknown,Unknown,Unknown,Instagram @versoskincare,Unknown,Swedish retinoid-focused skincare.,No,medium
Glow Hub,https://glowhub.com,Beauty,UK,2020,Unknown,Yes,Unknown,Unknown,Unknown,Unknown,Instagram @glowhub,Unknown,UK-made teen/young adult skincare by Tiffany Salmon-Mills.,Yes,medium
Plenaire,https://www.plenaire.co,Beauty,UK,2020,Unknown,Yes,Unknown,Unknown,Unknown,Unknown,Instagram @plenaire,Unknown,Carbon-neutral vegan skincare; B Corp.,Yes,medium
Trigwell Cosmetics,https://trigwellcosmetics.com,Beauty,UK,2020,Unknown,Yes,Unknown,Unknown,Unknown,Unknown,Instagram/TikTok @trigwellcosmetics,Unknown,Wales TikTok viral powder-puff brand.,Yes,medium
Nursem,https://www.nursem.co.uk,Beauty,UK,2019,Unknown,Yes,Unknown,Unknown,Unknown,Unknown,Instagram @nursem,Unknown,Hand/body care by nurse Antonia Philp; Boots.,Yes,medium
Delhicious,https://delhiciousbody.com,Beauty,UK,2020,10,Yes,Unknown,Unknown,Unknown,Unknown,Instagram @delhiciousbody,Unknown,Ayurvedic-inspired skin/haircare; ~10-person team.,Yes,medium
BEAME,https://beamebeauty.com,Beauty,UK,2022,1-10,Yes,Unknown,Yes,Unknown,Unknown,Instagram @beamebeauty,Unknown,London SPF/sun-care; L’Oréal Women in Tech & Beauty Fund.,Yes,medium
Obvs Skincare,https://obvs-skincare.co.uk,Beauty,UK,2021,Unknown,Yes,Unknown,Unknown,Unknown,Unknown,Instagram @obvsskincare,Unknown,COSMOS Organic & Vegan acne/eczema skincare.,Yes,medium
Josie Rose Skincare,https://www.josieroseskincare.com,Beauty,UK,2019,Unknown,Yes,Unknown,Unknown,Unknown,Unknown,Instagram @josieroseskincare,Unknown,Harrogate antioxidant skincare.,Yes,medium
Krī Skincare,https://kri.skin,Beauty,UK,2019,Unknown,Yes,Unknown,Unknown,Unknown,Unknown,Instagram @kri.skin,Unknown,Minimalist UK clean skincare; Brentwood Essex.,Yes,medium
Kanzen Skincare,https://www.kanzenskincare.com,Beauty,UK,2022,4,Yes,Unknown,Unknown,Unknown,Unknown,Instagram/TikTok @kanzenskincare,Unknown,London TikTok-viral acne skincare; ~4 employees.,Yes,medium
Luna Daily,https://luna-daily.com,Beauty,UK,2022,Unknown,Yes,Unknown,Unknown,Unknown,Unknown,Instagram @luna_daily_official,Unknown,Microbiome whole-body care founded 2022.,Yes,medium
REHAB. Your Hair,https://rehabyourhair.com,Beauty,UK,2022,Unknown,Yes,Unknown,Unknown,Unknown,Unknown,Instagram @rehabyourhair,Unknown,London hair oil capsules brand.,Yes,medium
Sapónne Naturals,https://saponne.com,Beauty,UK,2023,Unknown,Yes,Unknown,Unknown,Unknown,Unknown,Instagram @saponnenaturals,Unknown,British-Filipino science-backed skincare; West London.,Yes,medium
Gem & Tonic,https://gemandtonic.shop,Beauty,UK,2024,4,Unknown,Unknown,Unknown,Unknown,Unknown,Instagram @gemandtonic,Unknown,London gemstone-infused beauty; ~4 employees.,Yes,medium
The Pastel Roses,https://www.thepastelroses.com,Beauty,UK,2019,Unknown,Yes,Unknown,Unknown,Unknown,Unknown,Instagram @thepastelroses,Unknown,Bradford indie colour cosmetics.,Yes,medium
Faace,https://wearefaace.com,Beauty,UK,2019,Unknown,Yes,Unknown,Unknown,Unknown,Unknown,Instagram @wearefaace,Unknown,Brighton hormonal-skincare; Dragons’ Den; verify current status.,Yes,medium
ASHE London,https://ashelondon.com,Beauty,UK,2021,Unknown,Yes,Unknown,Unknown,Unknown,Unknown,Instagram @ashelondon,Unknown,Luxury vegan nail colour brand.,Yes,medium
DCYPHER,https://dcypher.com,Beauty,UK,2021,Unknown,Yes,Unknown,Unknown,Unknown,Unknown,Instagram @dcypherbeauty,Unknown,UK AI custom-blend foundation/concealer.,Yes,medium
Cosmic Brushes,https://cosmicbrushes.co.uk,Beauty,UK,Unknown,Unknown,Yes,Unknown,Unknown,Unknown,Unknown,Instagram @cosmicbrushes,Unknown,UK indie vegan makeup tools/brushes.; UK indie alternative makeup (by Fay); verify domain,No,medium
Glisten Cosmetics,https://www.glistencosmetics.com,Beauty,UK,2017,Unknown,Yes,Unknown,Unknown,Unknown,Unknown,Instagram @glistencosmetics,Unknown,Independent UK colour cosmetics; family-run.,No,medium
Viva La Gentil,https://vivalagentil.com,Beauty,UK,2020,Unknown,Yes,Unknown,Unknown,Unknown,Unknown,Instagram @vivalagentil,Unknown,UK makeup tools brand.,Yes,medium
Eco Skincare,https://ecoskincare.co.uk,Beauty,UK,2019,Unknown,Unknown,Unknown,Unknown,Unknown,Unknown,Unknown,Unknown,Uckfield eco/plastic-free skincare.,Yes,medium
Curated Beauty London,https://curatedbeautylondon.com,Beauty,UK,2025,Unknown,Unknown,Unknown,Unknown,Unknown,Unknown,Unknown,Unknown,New UK wellness-led beauty DTC + TikTok Shop 2025.,Yes,medium
Skin + Me,https://www.skinandme.com,Beauty,UK,2018,Unknown,Unknown,Unknown,Unknown,Unknown,Unknown,Instagram @skinandme,~£37m (reported),UK personalised prescription skincare DTC — larger than typical indie.; Personalised prescription-strength skincare subscription; British,No,medium
P.Louise,https://www.plouise.co.uk,Beauty,UK,2014,Unknown,Yes,Unknown,Unknown,Unknown,Unknown,Instagram/TikTok @plouise_makeup,~£71m (Fast Track),Manchester viral makeup; outside preferred founding window.,No,medium
Bare by Vogue,https://barebyvogue.com,Beauty,Ireland,2019,Unknown,Yes,Unknown,Unknown,Unknown,Unknown,Instagram @barebyvogue,Unknown,Irish self-tan/skincare by Vogue Williams.,Yes,medium
Seabody,https://seabody.com,Beauty,Ireland,2021,Unknown,Yes,Unknown,Unknown,Unknown,Unknown,Instagram @seabody,Unknown,Co. Kerry marine biotech skincare.,Yes,medium
GROUND Wellbeing,https://groundwellbeing.com,Beauty,Ireland,2020,Unknown,Yes,Unknown,Unknown,Unknown,Unknown,Instagram @groundwellbeing,Unknown,Cork holistic wellness/biome skincare.,Yes,medium
AINMHÍ,https://ainmhi.com,Beauty,Ireland,2022,Unknown,Yes,Unknown,Unknown,Unknown,Unknown,Instagram @ainmhi,Unknown,Kenmare barrier-repair skincare by chemist Sarah Farrar.,Yes,medium
Bánór,https://banor.ie,Beauty,Ireland,2022,Unknown,Unknown,Unknown,Unknown,Unknown,Unknown,Unknown,Unknown,Tipperary sheep-milk bodycare.,Yes,medium
Nyrah Beauty,https://nyrahbeauty.com,Beauty,Ireland,2020,Unknown,Yes,Unknown,Unknown,Unknown,Unknown,Instagram @nyrahbeauty,Unknown,Co. Mayo plant-based vegan skincare.,Yes,medium
Nami Naturale,https://naminaturale.com,Beauty,Ireland,2020,1,Unknown,Unknown,Unknown,Unknown,Unknown,Unknown,Unknown,Cavan organic vegan handmade Irish skincare.,Yes,medium
Ella & Jo,https://ellaandjo.ie,Beauty,Ireland,2017,Unknown,Yes,Unknown,Unknown,Unknown,Unknown,Instagram @ellaandjo,Unknown,Irish B Corp skincare; ships 50+ countries.,No,medium
Allkind,https://allkind.co.uk,Shoes,UK,2020,Unknown,Yes,Unknown,Unknown,Unknown,Unknown,Instagram @allkind,Unknown,British vegan footwear; handmade in Spain.,Yes,medium
Willa Phoenix,https://willaphoenix.com,Shoes,UK,2021,Unknown,Yes,Unknown,Unknown,Unknown,Unknown,Instagram @willaphoenix,Unknown,London luxury vegan women’s shoes; made Italy.,Yes,medium
IZIE,https://izie.co.uk,Shoes,UK,2023,Unknown,Yes,Unknown,Unknown,Unknown,Unknown,Instagram @izie,Unknown,"London women’s footwear; Italian factory near Bologna.; Founder Isabella Bowie; designed London, made Italy",Yes,medium
Eleanor Wellesley,https://eleanorwellesley.com,Shoes,UK,2023,Unknown,Yes,Unknown,Unknown,Unknown,Unknown,Instagram @eleanorwellesley,Unknown,London-designed Italian handcrafted wedge espadrilles.,Yes,medium
Lili Curia,https://www.lilicuria.com,Shoes,UK,2025,Unknown,Yes,Unknown,Unknown,Unknown,Unknown,Instagram @lilicuria,Unknown,Premium London women’s footwear founded 2025.,Yes,medium
SANTE + WADE,https://santewade.com,Shoes,UK,2019,Unknown,Yes,Unknown,Unknown,Unknown,Unknown,Instagram @santewade,Unknown,Inclusive wide-fit women’s shoes; verify current trading.,Yes,medium
Calla Shoes,https://callashoes.co.uk,Shoes,UK,2016,5,Yes,Unknown,Yes,Unknown,Unknown,Instagram @callashoes,Unknown,UK bunion/wide-fit footwear; ~5 employees.,No,medium
HAVVA,https://havvamustafa.com,Shoes,UK,2014,3,Yes,Unknown,Unknown,Unknown,Unknown,Instagram @havvamustafa,Unknown,London contemporary women’s designer footwear.,No,medium
Will's Vegan Store,https://www.wills-vegan-store.com,Shoes,UK,Unknown,Unknown,Yes,Unknown,Unknown,Unknown,Unknown,Instagram @willsveganstore,Unknown,UK vegan footwear including women’s wide-fit.,No,medium
Bróg,https://brog.ie,Shoes,Ireland,2023,Unknown,Yes,Unknown,Unknown,Unknown,Unknown,Instagram @brog,Unknown,Irish ethical luxury women’s shoes; Drapers Best New Brand nominee.,Yes,medium
Nicki Hoyne,https://nickihoyne.com,Shoes,Ireland,2020,Unknown,Yes,Unknown,Unknown,Unknown,Unknown,Instagram @nickihoyne,Unknown,Irish B Corp women’s footwear; made Spain/Portugal.,Yes,medium
Sampla,https://sampla.ie,Shoes,Ireland,2020,Unknown,Yes,Unknown,Unknown,Unknown,Unknown,Instagram @sampla,Unknown,Waterford vegan AppleSkin footwear.,Yes,medium
Tropic Skincare,https://tropicskincare.com,Beauty,UK,Unknown,Unknown,Yes,Unknown,Unknown,Unknown,Unknown,Instagram @tropicskincare,Unknown,Surrey Beauty Kitchen brand by Susie Ma; established indie.,No,medium
Sisterly,https://www.sisterly.com,Mixed,Ireland,2020,Unknown,Yes,Unknown,Unknown,Unknown,Unknown,Instagram @sisterly,Unknown,Dublin women’s science-led supplements — wellness adjacent.; Women's multivitamin/beauty-from-within; B Corp claimed on site,No,medium
O Pioneers,https://opioneers.co.uk,Clothing,UK,2019,2,Unknown,Unknown,Yes,None found,None found,LinkedIn o-pioneers; Instagram @opioneers,Not disclosed,Female-founded London label; Liberty print dresses made in UK,No,medium
Albaray,https://albaray.co.uk,Clothing,UK,2021,8,Unknown,Unknown,Yes,1 active posting noted on LinkedIn company data,Unknown,LinkedIn albaray; Instagram @albaray,Not disclosed,"Co-founders Paula Stewart, Karen Peacock, Kirstie Di Stazio",Yes,medium
NRBY,https://nrbyclothing.com,Clothing,UK,2019,13,Unknown,Unknown,Yes,Unknown,Unknown,LinkedIn nrby-clothing,Not disclosed,Founded by Jo Hooper (ex-John Lewis); natural fabrics,No,medium
Fanfare Label,https://fanfarelabel.com,Clothing,UK,2018,Unknown,Yes,Unknown,Unknown,Unknown,Unknown,Instagram @fanfarelabel,Not disclosed,Founder Esther Knight; circular/upcycled womenswear,No,medium
Seventy Mochi,https://seventymochi.com,Clothing,UK,2020,7,Yes,Unknown,Unknown,Unknown,Unknown,Instagram @seventymochi,Not disclosed,Founder Chloe Dennison; London denim/womenswear,No,medium
OMNES,https://www.omnes.com,Clothing,UK,2021,Unknown,Unknown,Unknown,Unknown,Unknown,Unknown,Instagram @omnes,Not disclosed,London brand; Michael Williams founder cited in directories; verify domain,No,medium
Peachaus,https://peachaus.com,Clothing,UK,2021,1-10,Yes,Unknown,Yes,Unknown,Unknown,LinkedIn peachaus; Instagram @peachaus,Not disclosed,Founder Gillian Ridley Whittle; ethical lingerie; Covent Garden boutique,No,medium
Dot and Above,https://www.dotandabove.com,Clothing,UK,2019,Unknown,Unknown,Unknown,Unknown,None found,None found,Unknown,Not disclosed,Made in London sustainable womenswear; launched 2019,No,medium
Elosa,https://elosa.co.uk,Clothing,UK,2021,Unknown,Unknown,Unknown,Unknown,None found,None found,Unknown,Not disclosed,Founder Ellie; handmade in England,No,medium
So.NAEY,https://sonaey.co.uk,Clothing,UK,2019,Unknown,Unknown,Unknown,Unknown,None found,None found,Unknown,Not disclosed,Founder Sonia Kaur Bamrah; Manchester occasionwear,No,medium
WANDERDOLL,https://wanderdoll.com,Clothing,UK,2019,Unknown,Yes,Unknown,Unknown,None found,None found,Unknown,Not disclosed,Wander Doll Ltd; Companies House 11879974; Greater Manchester,No,medium
Contur,https://conturuk.com,Clothing,UK,2019,1,Unknown,Unknown,Unknown,None found,None found,Instagram @conturuk; LinkedIn conturuk,Not disclosed,Manchester/Stockport sustainable activewear; ECONYL,No,medium
AYBL,https://aybl.com,Clothing,UK,2018,Unknown,Yes,Unknown,Unknown,Unknown,Unknown,Instagram @aybl,Not disclosed,Founders Reiss & Kristian Edgerton; Redditch women activewear,No,medium
Oner Active,https://oneractive.com,Clothing,UK,2021,Unknown,Yes,Unknown,Unknown,Unknown,Unknown,Instagram @oneractive,Not disclosed,Founder Krissy Cela; London activewear,No,medium
JOGGR,https://www.joggr.co,Clothing,UK,2021,Unknown,Unknown,Unknown,Unknown,None found,None found,Unknown,Not disclosed,Founder Teona Burchuladze; London sustainable activewear; verify domain,No,medium
Baue,https://www.baue.co.uk,Clothing,UK,Unknown,Unknown,Unknown,Unknown,Unknown,None found,None found,Unknown,Not disclosed,Founder Anna; zero-waste handmade in Ludlow from remnant fabrics,No,medium
ELWIN Studio,https://elwinstudio.com,Clothing,UK,2016,Unknown,Unknown,Unknown,Unknown,None found,None found,Unknown,Not disclosed,East London small-batch; surplus/natural fabrics; British wool,No,medium
Nesavaali London,https://nesavaali.com,Clothing,UK,Unknown,Unknown,Unknown,Unknown,Unknown,None found,None found,Unknown,Not disclosed,London design; Indian regional craft; Wolf & Badger,No,medium
Clover London,https://www.clover.london,Clothing,UK,2021,Unknown,Yes,Unknown,Unknown,Unknown,Unknown,Instagram @cloverlondon,Not disclosed,Founder Aba Amuquandoh; occasionwear; verify exact domain,No,medium
Oceanus The Label,https://oceanusthelabel.com,Mixed,UK,2018,Unknown,Yes,Unknown,Unknown,Unknown,Unknown,Instagram @oceanusthelabel,Not disclosed,Founder Hannah Attalah; swim/resort; Carnaby Street store reported,No,medium
Calm Amongst the Chaos,https://calmamongstthechaos.co.uk,Clothing,UK,Unknown,Unknown,Unknown,Unknown,Unknown,None found,None found,Unknown,Not disclosed,British indie; made-to-order natural fabrics,No,medium
Casa Raki,https://casaraki.com,Mixed,UK,Unknown,Unknown,Unknown,Unknown,Unknown,Unknown,Unknown,Unknown,Not disclosed,London-based; made in Portugal; linen/swim,No,medium
Cawley Studio,https://cawley.studio,Clothing,UK,Unknown,Unknown,Unknown,Unknown,Unknown,Unknown,Unknown,Instagram @cawleystudio,Not disclosed,Founder Hannah Cawley; designed and made in UK,No,medium
Beyond Nine,https://beyondnine.co.uk,Clothing,UK,Unknown,Unknown,Unknown,Unknown,Unknown,Unknown,Unknown,Unknown,Not disclosed,British indie comfortable/adaptable shapes,No,medium
Beaumont Organic,https://beaumontorganic.com,Clothing,UK,Unknown,Unknown,Unknown,Unknown,Unknown,Unknown,Unknown,Unknown,Not disclosed,Manchester-based ethical natural-fibre clothing,No,medium
Charl,https://charl.uk,Clothing,UK,Unknown,Unknown,Unknown,Unknown,Unknown,Unknown,Unknown,Unknown,Not disclosed,Founder Frankie Davies (ex-Burberry); British-made knitwear,No,medium
Xanthe Anna,https://xantheanna.uk,Shoes,UK,2021,Unknown,Unknown,Unknown,Unknown,None found,None found,Unknown,Not disclosed,Welsh independent sheepskin boots/slippers; made to order,No,medium
Rosamund Muir,https://rosamundmuir.com,Shoes,UK,2020,Unknown,Unknown,Unknown,Unknown,None found,None found,Unknown,Not disclosed,Slow fashion zero-waste heels; surplus Italian leather; Drapers shortlisted,No,medium
Florrie London,https://florrielondon.com,Shoes,UK,Unknown,Unknown,Yes,Unknown,Unknown,Unknown,Unknown,Unknown,Not disclosed,"Designed London, handcrafted Florence; founder ex-Aquazzura",No,medium
Jocie Juritz Collection,https://jociejuritzcollection.com,Shoes,UK,Unknown,Unknown,Yes,Unknown,Unknown,None found,None found,Unknown,Not disclosed,London designer; handmade Portugal; small pre-order drops,No,medium
notwoways,https://notwoways.com,Shoes,UK,2020,Unknown,Yes,Unknown,Unknown,Unknown,Unknown,Instagram @notwoways,Not disclosed,UK independent sneaker brand; ships worldwide stated on site,No,medium
Camilla Elphick,https://camillaelphick.com,Shoes,UK,2014,Unknown,Unknown,Unknown,Unknown,Unknown,Unknown,Instagram @camillaelphick,Not disclosed,Shoreditch-started British footwear; all-female team reported,No,medium
Plantmade,https://weareplantmade.com,Beauty,UK,2020,Unknown,Partial,Unknown,Unknown,Unknown,Unknown,Instagram @weareplantmade; TikTok Shop active,On track ~GBP 11m (2023 press),Founder Ama Amo-Agyei; Reading; Sunday Times Fast Track cited,No,medium
Fussy,https://www.getfussy.com,Beauty,UK,2021,Unknown,Partial,Unknown,Unknown,Unknown,Unknown,Instagram @getfussy,Not disclosed,Refillable deodorant; Jan 2021 launch; London,No,medium
Yendy Skin,https://www.yendyskin.com,Beauty,UK,2021,Unknown,Unknown,Unknown,Unknown,None found,None found,Instagram @yendyskin; TikTok @yendyskin,Not disclosed,Founder Julian Boaitey; Ghanaian heritage skincare; verify domain,No,medium
LIHA Beauty,https://lihabeauty.com,Beauty,UK,Unknown,Unknown,Yes,Unknown,Unknown,Unknown,Unknown,Instagram @lihabeauty,Not disclosed,UK natural skincare; West African botanicals; micro-batch,No,medium
The INKEY List,https://www.theinkeylist.com,Beauty,UK,2018,Unknown,Yes,Unknown,Unknown,Unknown,Unknown,Instagram @theinkeylist,Not disclosed,Founders Colette Laxton & Mark Curry; accessible science skincare,No,medium
Pai Skincare,https://www.paiskincare.com,Beauty,UK,Unknown,Unknown,Yes,Unknown,Unknown,Unknown,Unknown,Instagram @paiskincare,Not disclosed,British independent sensitive-skin organic skincare,No,medium
White Rabbit Skincare,https://whiterabbitskincare.com,Beauty,UK,Unknown,Unknown,Unknown,Unknown,Unknown,Unknown,Unknown,Unknown,Not disclosed,Scotland-based indie sensitive skincare,No,medium
VE Cosmetics,https://vecosmetics.co.uk,Beauty,UK,2015,Unknown,Unknown,Unknown,Unknown,None found,None found,Unknown,Not disclosed,UK vegan alternative makeup by Lynsey; PETA approved,No,medium
Trinny London,https://trinnylondon.com,Beauty,UK,2017,Unknown,Yes,Unknown,Yes,Unknown,Unknown,Instagram @trinnylondon,Not disclosed,Founder Trinny Woodall; Stackable makeup DTC,No,medium
Facetheory,https://www.facetheory.com,Beauty,UK,Unknown,Unknown,Yes,Unknown,Unknown,Unknown,Unknown,Instagram @facetheory,Not disclosed,UK science-led skincare DTC,No,medium
Carbon Theory,https://carbontheory.com,Beauty,UK,Unknown,Unknown,Yes,Unknown,Unknown,Unknown,Unknown,Instagram @carbontheory,Not disclosed,UK charcoal/tea tree skincare DTC,No,medium
Charlotte Mensah,https://charlottemensah.com,Beauty,UK,Unknown,Unknown,Unknown,Unknown,Unknown,Unknown,Unknown,Instagram @charlottemensah,Not disclosed,UK Manketti Oil haircare; Afro/mixed/curly focus,No,medium
Evolve Organic Beauty,https://evolvebeauty.co.uk,Beauty,UK,Unknown,Unknown,Yes,Unknown,Unknown,Unknown,Unknown,Instagram @evolveorganicbeauty,Not disclosed,British organic indie skincare,No,medium
James Read,https://jamesreadtan.com,Beauty,UK,Unknown,Unknown,Yes,Unknown,Unknown,Unknown,Unknown,Instagram @jamesreadtan,Not disclosed,British tan brand; independent British beauty roundups,No,medium
THIS IS SILK,https://thisissilk.com,Beauty,UK,Unknown,Unknown,Unknown,Unknown,Unknown,Unknown,Unknown,Unknown,Not disclosed,British silk beauty/hair accessories; C&TH British beauty lists,No,medium
Palava,https://www.palava.co,Clothing,UK,2015,4,Yes,Unknown,Unknown,None found,None found,Instagram @wearepalava,Not disclosed,Founder Bryony Richardson; UK-made; team of four reported,No,medium
Pangaia,https://pangaia.com,Clothing,UK,2018,Unknown,Yes,Unknown,Unknown,Unknown,Unknown,Instagram @pangaia,Not disclosed,London materials-science fashion collective,No,medium
House of Sunny,https://houseofsunny.co.uk,Clothing,UK,2011,Unknown,Yes,Unknown,Unknown,Unknown,Unknown,Instagram @houseofsunny,Not disclosed,Founders Sunny & Camilla Williams; East London store,No,medium
Hedoine,https://hedoine.com,Mixed,UK,2017,Unknown,Yes,Unknown,Unknown,Unknown,Unknown,Instagram @hedoine; LinkedIn hedoine,Not disclosed,Founders Anna Sturhahn & Alexandra Popa; London accessories/tights,No,medium
Jilla Active,https://jillaactive.com,Clothing,UK,2016,Unknown,Yes,Unknown,Unknown,Unknown,Unknown,Instagram @jillaactive,Not disclosed,British seamless activewear; bamboo/modal focus,No,medium
Folk,https://www.folkclothing.com,Clothing,UK,Unknown,Unknown,Yes,Unknown,Unknown,Unknown,Unknown,Instagram @folkclothing,Not disclosed,London independent everyday clothing,No,medium
Community Clothing,https://communityclothing.co.uk,Clothing,UK,2016,Unknown,Unknown,Unknown,Yes,Unknown,Unknown,Instagram @communityclothing,Not disclosed,Founder Patrick Grant; UK factory revival staples,No,medium
Bluebella,https://www.bluebella.com,Clothing,UK,2010,Unknown,Yes,Unknown,Yes,Unknown,Unknown,Instagram @bluebella,Not disclosed,Founder Emily Bendell; London contemporary lingerie,No,medium
Gilda & Pearl,https://www.gildaandpearl.com,Clothing,UK,2011,Unknown,Yes,Unknown,Unknown,Unknown,Unknown,Instagram @gildaandpearl,Not disclosed,Founder Diane Houston; London luxury lingerie/nightwear,No,medium
Desmond & Dempsey,https://desmondanddempsey.com,Clothing,UK,2014,Unknown,Yes,Unknown,Unknown,Unknown,Unknown,Instagram @desmondanddempsey,Not disclosed,London luxury sleepwear/loungewear,No,medium
Needle & Thread,https://www.needleandthread.com,Clothing,UK,2013,Unknown,Yes,Unknown,Unknown,Unknown,Unknown,Instagram @needleandthreadlondon,Not disclosed,Founder Hannah Coffin; London embellished occasionwear,No,medium
Self-Portrait,https://www.self-portrait-studio.com,Clothing,UK,2013,Unknown,Yes,Unknown,Unknown,Unknown,Unknown,Instagram @selfportrait,Not disclosed,Founder Han Chong; London contemporary designer womenswear,No,medium
Paper London,https://paperlondon.com,Mixed,UK,2011,Unknown,Yes,Unknown,Unknown,Unknown,Unknown,Instagram @paperlondon,Not disclosed,Founders Kelly Townsend & Phillipa Thackeray; swim/RTW,No,medium
Baukjen,https://www.baukjen.com,Clothing,UK,2008,Unknown,Yes,Unknown,Unknown,Unknown,Unknown,Instagram @baukjen,Not disclosed,London ethical womenswear,No,medium
Beulah London,https://www.beulahlondon.com,Clothing,UK,2011,Unknown,Yes,Unknown,Unknown,Unknown,Unknown,Instagram @beulahlondon,Not disclosed,London ethical luxury feminine clothing,No,medium
Aab Collection,https://www.aabcollection.com,Clothing,UK,2007,Unknown,Yes,Unknown,Unknown,Unknown,Unknown,Instagram @aabcollection,Not disclosed,Founder Nazmin Alim; London modest fashion,No,medium
Madeleine Thompson,https://madeleinethompson.com,Clothing,UK,2006,Unknown,Yes,Unknown,Unknown,Unknown,Unknown,Instagram @madeleinethompson,Not disclosed,British cashmere label; limited production,No,medium
Hades,https://www.hades-knitwear.com,Clothing,UK,Unknown,Unknown,Unknown,Unknown,Unknown,Unknown,Unknown,Instagram @hades,Not disclosed,British slogan knitwear; Hawick Scotland production noted; verify domain,No,medium
Louche London,https://louchelondon.com,Clothing,UK,2008,Unknown,Yes,Unknown,Unknown,Unknown,Unknown,Instagram @louchelondon,Not disclosed,Women-led London designer clothing,No,medium
Noctu,https://noctu.co.uk,Clothing,UK,2009,Unknown,Yes,Unknown,Unknown,Unknown,Unknown,Instagram @noctu,Not disclosed,Founder Vicki Woods; Bath contemporary womenswear,No,medium
GymVersus,https://gymversus.com,Clothing,UK,2013,Unknown,Yes,Unknown,Unknown,Unknown,Unknown,Instagram @gymversus,Not disclosed,London activewear; Drapers upcoming activewear mention,No,medium
Runderwear,https://www.runderwear.com,Clothing,UK,2013,Unknown,Yes,Unknown,Unknown,Unknown,Unknown,Instagram @runderwear,Not disclosed,Poole UK; performance underwear,No,medium
ADKN,https://adkn.co.uk,Clothing,UK,2016,Unknown,Unknown,Unknown,Unknown,Unknown,Unknown,Unknown,Not disclosed,Founder Neha Hasan; 100% animal-free made in London,No,medium
Amy Lynn,https://amylynn.co.uk,Clothing,UK,2010,Unknown,Yes,Unknown,Unknown,Unknown,Unknown,Instagram @amylynnlondon,Not disclosed,Sisters Amy & Lynn Yao; Selfridges stocked,No,medium
Angela Friedman,https://angelafriedman.com,Clothing,UK,2009,Unknown,Yes,Unknown,Unknown,Unknown,Unknown,Instagram @angelafriedman,Not disclosed,London luxury lingerie; English atelier,No,medium
AbayaButh,https://abayabuth.com,Clothing,UK,2014,Unknown,Yes,Unknown,Unknown,Unknown,Unknown,Unknown,Not disclosed,Founder Shazia Buth; London modest fashion,No,medium
Completedworks,https://completedworks.com,Mixed,UK,Unknown,Unknown,Yes,Unknown,Unknown,Unknown,Unknown,Instagram @completedworks,Not disclosed,London sculptural jewellery DTC indie,No,medium
Alighieri,https://alighieri.co.uk,Mixed,UK,2014,Unknown,Yes,Unknown,Yes,Unknown,Unknown,Instagram @alighierijewellery,Not disclosed,Founder Rosh Mahtani; Hatton Garden jewellery,No,medium
Rhug Wild Beauty,https://www.rhug.co.uk,Beauty,UK,Unknown,Unknown,Unknown,Unknown,Unknown,Unknown,Unknown,Unknown,Not disclosed,British beauty from Rhug Estate (Wales); C&TH list,No,medium
By Sarah London,https://www.bysarah.com,Beauty,UK,Unknown,Unknown,Unknown,Unknown,Unknown,Unknown,Unknown,Unknown,Not disclosed,Sisters Sarah & Lauren; UK developed/manufactured skincare; verify domain,No,medium
Love Lux London,https://loveluxlondon.com,Clothing,UK,2019,Unknown,Yes,Unknown,Unknown,Unknown,Unknown,Instagram @loveluxlondon,Not disclosed,London womenswear (directory Est. 2019); verify website,No,medium
To Gaia,https://www.togaia.com,Clothing,UK,2022,Unknown,Yes,Unknown,Unknown,Unknown,Unknown,Instagram @togaia,Not disclosed,London conscious womenswear (directory Est. 2022); verify domain,No,medium
DI-VSN,https://di-vsn.com,Clothing,UK,2018,Unknown,Yes,Unknown,Unknown,Unknown,Unknown,Unknown,Not disclosed,London contemporary label (directory Est. 2018); verify domain,No,medium
Pistol Panties,https://pistolpanties.com,Clothing,UK,2004,Unknown,Unknown,Unknown,Unknown,Unknown,Unknown,Instagram @pistolpanties,Not disclosed,Founder Deborah Fleming; Notting Hill; luxury swim,No,medium
Blakely Clothing,https://blakelyclothing.com,Clothing,UK,2012,Unknown,Yes,Unknown,Unknown,Unknown,Unknown,Unknown,Not disclosed,London contemporary women's clothing (directory),No,medium
Aarabhi London,https://aarabhi.com,Clothing,UK,2017,Unknown,Unknown,Unknown,Unknown,Unknown,Unknown,Unknown,Not disclosed,Founder Aarabhi Shah; UK contemporary womenswear,No,medium
BAR Jewellery,https://barjewellery.com,Mixed,UK,Unknown,Unknown,Unknown,Unknown,Unknown,Unknown,Unknown,Unknown,Not disclosed,British handmade recycled jewellery,No,medium
Meadowfarm,https://www.meadowfarm.co.uk,Beauty,UK,Unknown,Unknown,Unknown,Unknown,Unknown,Unknown,Unknown,Unknown,Not disclosed,Independent British beauty (C&TH list); verify domain,No,medium
Biotell,https://biotell.co.uk,Beauty,UK,Unknown,Unknown,Unknown,Unknown,Unknown,Unknown,Unknown,Unknown,Not disclosed,Emerging British beauty brand (C&TH 2026); verify domain,No,medium
Votary,https://votary.co.uk,Beauty,UK,Unknown,Unknown,Yes,Unknown,Unknown,Unknown,Unknown,Instagram @votary,Not disclosed,British indie botanical skincare (C&TH independent list),No,medium
OSKIA,https://oskiaskincare.com,Beauty,UK,Unknown,Unknown,Yes,Unknown,Unknown,Unknown,Unknown,Instagram @oskiaskincare,Not disclosed,British premium indie skincare,No,medium
